date,Cooling Degree Days,Heating Degree Days,Precipitation,Palmer Drought Severity Index (PDSI),Average Temperature,Maximum Temperature,Minimum Temperature
1950-01-01,23,786,3.36,0.54,30.43,41.32,19.56
1950-02-01,11,731,2.23,0.70,35.55,47.10,24.01
1950-03-01,12,710,2.49,0.81,38.84,50.52,27.16
1950-04-01,21,428,2.08,0.64,48.65,61.18,36.12
1950-05-01,106,177,2.88,0.67,59.45,72.27,46.63
1950-06-01,197,46,2.80,0.62,67.93,81.16,54.70
1950-07-01,263,14,3.86,1.93,71.22,83.62,58.80
1950-08-01,238,24,2.55,2.34,70.02,83.53,56.50
1950-09-01,125,96,2.69,2.57,63.50,75.52,51.48
1950-10-01,72,214,1.90,1.89,57.47,70.72,44.20
1950-11-01,9,594,2.10,1.77,40.64,52.65,28.62
1950-12-01,3,892,1.93,1.46,33.01,43.75,22.28
1951-01-01,6,890,2.34,1.47,30.20,41.14,19.26
1951-02-01,5,743,2.27,1.61,34.54,46.08,23.00
1951-03-01,14,654,2.60,1.77,38.55,50.09,27.03
1951-04-01,22,378,2.35,1.63,49.73,62.06,37.40
1951-05-01,95,150,2.37,0.92,60.76,74.01,47.53
1951-06-01,194,52,3.44,1.54,66.65,79.32,53.96
1951-07-01,314,9,2.85,1.65,73.69,86.90,60.46
1951-08-01,287,22,2.61,1.63,71.89,84.87,58.89
1951-09-01,155,84,2.57,1.65,64.09,77.43,50.76
1951-10-01,59,252,2.30,1.68,54.00,66.00,41.97
1951-11-01,7,672,2.43,1.96,38.08,48.96,27.21
1951-12-01,10,838,3.12,2.70,31.23,41.38,21.07
1952-01-01,14,830,2.44,3.20,32.00,42.28,21.70
1952-02-01,7,698,2.00,2.86,35.46,46.22,24.67
1952-03-01,14,693,2.93,3.29,37.69,48.24,27.14
1952-04-01,19,338,2.40,-0.13,51.66,64.53,38.79
1952-05-01,96,168,2.69,-0.34,60.58,73.71,47.46
1952-06-01,270,39,2.20,-1.19,70.75,84.04,57.45
1952-07-01,355,6,2.39,-1.84,74.10,87.85,60.35
1952-08-01,294,15,2.62,-2.02,72.82,86.16,59.49
1952-09-01,152,64,1.53,-2.93,65.89,80.42,51.37
1952-10-01,37,342,0.54,-3.99,52.95,68.67,37.24
1952-11-01,10,576,2.15,-3.96,39.92,51.46,28.38
1952-12-01,4,818,2.45,-4.06,33.44,42.76,24.12
1953-01-01,9,775,2.64,-3.97,36.43,46.85,26.01
1953-02-01,7,689,2.06,-3.53,35.87,47.21,24.51
1953-03-01,25,577,2.61,-3.30,43.75,55.35,32.16
1953-04-01,26,398,2.96,-2.21,48.76,60.76,36.75
1953-05-01,118,162,3.26,-1.50,59.18,71.35,46.99
1953-06-01,254,42,2.54,-1.80,70.18,83.37,56.98
1953-07-01,330,7,2.65,-1.76,74.17,87.46,60.87
1953-08-01,279,15,2.29,-1.98,72.10,85.59,58.62
1953-09-01,161,60,1.50,-2.90,66.16,81.37,50.94
1953-10-01,51,230,1.51,-3.38,56.21,70.34,42.08
1953-11-01,10,526,1.79,-3.91,43.88,55.58,32.18
1953-12-01,6,796,2.50,-4.15,33.69,43.95,23.41
1954-01-01,9,905,2.54,-4.14,30.90,41.74,20.07
1954-02-01,10,596,1.49,-4.58,41.41,53.85,28.98
1954-03-01,10,669,2.16,-4.30,39.25,50.74,27.77
1954-04-01,54,278,2.40,-4.29,54.18,67.21,41.13
1954-05-01,67,205,2.69,-3.82,58.59,71.46,45.70
1954-06-01,232,40,2.50,-3.80,68.85,81.86,55.83
1954-07-01,349,10,2.01,-4.33,75.47,89.29,61.65
1954-08-01,288,24,2.52,-4.30,72.18,85.33,59.02
1954-09-01,189,66,1.95,-4.62,66.45,80.11,52.77
1954-10-01,55,244,2.35,-4.04,54.68,67.23,42.13
1954-11-01,9,553,1.54,-4.62,44.06,56.07,32.05
1954-12-01,3,835,2.00,-5.13,33.91,44.47,23.32
1955-01-01,5,952,1.69,-5.89,29.35,39.27,19.44
1955-02-01,6,780,2.22,-5.85,31.05,42.39,19.71
1955-03-01,19,622,1.98,-5.69,40.06,52.34,27.81
1955-04-01,44,298,2.49,-5.29,52.86,65.59,40.12
1955-05-01,119,140,2.92,-4.84,61.29,74.26,48.29
1955-06-01,155,57,2.47,-4.52,66.54,79.41,53.67
1955-07-01,362,10,2.92,-3.95,74.44,87.24,61.63
1955-08-01,337,8,2.74,-3.57,73.87,87.21,60.51
1955-09-01,175,66,2.11,-3.68,65.88,79.56,52.20
1955-10-01,46,258,2.04,-3.47,55.04,68.72,41.32
1955-11-01,10,628,1.92,-3.37,38.23,49.69,26.74
1955-12-01,6,902,2.24,-3.38,31.71,41.88,21.52
1956-01-01,3,923,2.27,-3.28,31.01,41.14,20.89
1956-02-01,11,743,2.62,-2.24,32.27,43.23,21.31
1956-03-01,13,666,1.82,-2.67,40.75,53.49,28.00
1956-04-01,23,405,2.07,-2.58,49.37,62.13,36.61
1956-05-01,115,171,2.60,-2.78,61.77,74.66,48.85
1956-06-01,225,33,2.21,-3.34,70.36,83.97,56.75
1956-07-01,292,13,2.78,-3.36,73.06,86.20,59.92
1956-08-01,279,19,2.21,-3.63,71.69,85.30,58.08
1956-09-01,148,92,1.44,-4.37,65.10,79.93,50.25
1956-10-01,60,237,2.00,-4.28,56.16,69.42,42.89
1956-11-01,8,576,1.36,-4.89,40.32,52.29,28.35
1956-12-01,10,710,2.00,-5.62,36.23,47.26,25.18
1957-01-01,11,993,2.13,-6.22,27.07,37.17,16.97
1957-02-01,16,641,2.08,-6.56,38.07,48.54,27.61
1957-03-01,11,631,2.51,0.00,41.27,52.00,30.56
1957-04-01,32,331,3.65,1.19,50.70,62.10,39.29
1957-05-01,96,166,4.24,2.41,59.65,71.19,48.09
1957-06-01,233,29,3.65,2.93,68.70,81.00,56.43
1957-07-01,328,9,2.28,2.61,74.28,87.53,61.02
1957-08-01,265,21,2.19,1.99,71.65,84.81,58.50
1957-09-01,149,72,2.86,2.23,64.18,77.38,51.01
1957-10-01,29,338,2.76,2.80,51.67,62.24,41.11
1957-11-01,13,569,3.12,3.63,40.26,49.86,30.67
1957-12-01,5,737,2.40,4.00,37.00,47.77,26.26
1958-01-01,2,935,2.29,4.25,31.60,41.79,21.42
1958-02-01,1,875,2.43,4.34,31.98,42.10,21.85
1958-03-01,7,714,2.66,4.34,37.67,46.78,28.56
1958-04-01,27,348,3.05,4.55,50.27,62.04,38.50
1958-05-01,102,156,2.46,3.40,62.42,76.03,48.81
1958-06-01,187,61,3.20,3.37,67.93,80.53,55.31
1958-07-01,308,10,3.86,4.13,72.63,85.06,60.17
1958-08-01,296,12,2.40,3.69,73.29,86.65,59.92
1958-09-01,161,70,2.82,3.63,65.43,77.95,52.88
1958-10-01,47,268,1.53,-0.55,54.73,67.86,41.63
1958-11-01,18,513,2.21,-0.69,43.02,54.61,31.41
1958-12-01,5,929,1.32,-1.55,32.22,43.34,21.09
1959-01-01,5,959,2.19,-2.01,29.50,40.46,18.55
1959-02-01,12,776,2.35,-1.52,32.49,43.23,21.74
1959-03-01,11,638,2.14,-1.77,41.45,53.78,29.12
1959-04-01,30,324,2.14,-1.96,51.60,64.51,38.68
1959-05-01,127,131,3.20,-1.54,60.84,73.13,48.56
1959-06-01,221,31,2.62,-1.75,69.96,83.01,56.91
1959-07-01,319,7,2.94,0.16,73.58,87.08,60.10
1959-08-01,328,9,2.76,0.24,73.17,86.00,60.33
1959-09-01,169,58,2.82,0.56,64.74,77.05,52.41
1959-10-01,61,266,3.50,1.82,53.33,64.85,41.79
1959-11-01,11,621,1.72,1.78,38.66,50.74,26.58
1959-12-01,5,761,2.22,1.91,35.94,45.93,25.97
1960-01-01,6,910,2.26,2.24,29.46,38.75,20.16
1960-02-01,4,801,2.59,2.69,30.52,40.46,20.61
1960-03-01,6,840,2.12,0.02,35.91,47.21,24.60
1960-04-01,36,298,2.15,-0.48,52.59,65.32,39.83
1960-05-01,76,177,2.87,-0.33,59.31,72.41,46.20
1960-06-01,212,38,2.69,-0.50,69.08,82.38,55.74
1960-07-01,298,10,2.68,-0.52,73.89,87.49,60.26
1960-08-01,291,14,2.83,-0.25,72.21,85.28,59.14
1960-09-01,173,56,2.21,-0.65,66.45,79.81,53.10
1960-10-01,57,271,2.40,-0.40,54.77,67.28,42.26
1960-11-01,15,532,2.05,-0.63,42.73,54.05,31.39
1960-12-01,3,953,1.90,-1.05,30.40,40.69,20.08
1961-01-01,3,996,1.48,-1.83,29.71,41.25,18.19
1961-02-01,8,684,2.78,0.39,37.42,48.51,26.33
1961-03-01,21,582,3.16,0.81,43.47,54.41,32.52
1961-04-01,20,428,2.30,0.84,48.67,61.00,36.34
1961-05-01,75,213,2.88,0.93,58.87,71.69,46.04
1961-06-01,190,33,2.92,0.81,69.49,83.03,55.94
1961-07-01,300,7,3.11,1.20,73.24,86.29,60.17
1961-08-01,277,10,2.62,1.21,72.70,85.53,59.85
1961-09-01,174,57,2.94,1.71,63.41,75.67,51.15
1961-10-01,43,259,1.78,1.30,53.85,66.97,40.69
1961-11-01,12,561,2.59,1.52,40.50,50.81,30.18
1961-12-01,6,870,2.69,1.83,31.08,40.69,21.49
1962-01-01,6,994,2.21,2.07,26.96,37.83,16.11
1962-02-01,14,750,2.55,2.41,34.92,45.68,24.17
1962-03-01,8,708,2.15,-0.09,37.90,48.90,26.91
1962-04-01,26,352,2.10,-0.52,51.84,64.98,38.71
1962-05-01,142,135,2.69,-0.91,62.24,74.91,49.57
1962-06-01,198,41,3.21,-0.44,67.91,80.64,55.17
1962-07-01,275,17,2.91,-0.06,72.07,84.97,59.14
1962-08-01,284,17,2.04,-0.53,72.12,86.02,58.23
1962-09-01,137,99,2.78,-0.12,64.18,77.05,51.30
1962-10-01,61,248,2.33,-0.10,56.12,68.45,43.77
1962-11-01,7,576,2.05,-0.40,43.18,54.01,32.32
1962-12-01,2,898,1.58,-1.15,33.40,44.10,22.71
1963-01-01,4,1073,1.57,-2.06,24.44,35.91,12.97
1963-02-01,4,841,1.73,-2.53,34.12,46.18,22.08
1963-03-01,22,577,2.47,-2.55,43.72,56.10,31.33
1963-04-01,43,342,2.30,-2.54,51.89,64.15,39.61
1963-05-01,98,174,2.36,-2.87,61.02,73.96,48.04
1963-06-01,207,41,2.94,-2.55,68.67,81.36,55.96
1963-07-01,302,11,2.69,-2.48,73.60,86.85,60.37
1963-08-01,264,22,2.33,-2.60,71.98,84.94,59.02
1963-09-01,152,84,2.21,-2.78,66.34,79.27,53.40
1963-10-01,74,178,0.96,-4.07,59.36,73.47,45.21
1963-11-01,11,498,2.66,-3.77,44.04,55.31,32.77
1963-12-01,1,1025,1.48,-4.41,27.90,38.32,17.49
1964-01-01,5,891,2.43,-4.55,31.53,42.89,20.17
1964-02-01,3,818,1.56,-4.60,31.77,43.39,20.14
1964-03-01,14,654,2.83,0.54,38.82,50.86,26.78
1964-04-01,38,355,3.29,1.25,51.30,63.41,39.18
1964-05-01,113,140,2.25,-0.75,61.43,74.43,48.42
1964-06-01,209,46,2.81,-0.74,68.00,80.69,55.29
1964-07-01,322,7,2.61,-1.08,74.66,87.91,61.41
1964-08-01,252,27,2.87,-0.72,70.72,83.62,57.79
1964-09-01,141,82,2.54,-0.49,63.70,76.59,50.79
1964-10-01,40,314,1.36,-1.09,53.78,67.93,39.65
1964-11-01,17,517,2.38,-1.10,42.33,53.53,31.14
1964-12-01,8,826,3.33,0.54,32.04,41.72,22.37
1965-01-01,7,913,2.34,0.88,31.80,42.35,21.25
1965-02-01,7,788,2.16,1.04,32.52,44.22,20.80
1965-03-01,10,750,2.16,1.03,35.44,46.60,24.30
1965-04-01,42,367,2.52,0.88,51.89,63.54,40.23
1965-05-01,123,131,2.71,0.55,60.80,73.40,48.20
1965-06-01,173,55,3.24,1.03,66.85,79.07,54.61
1965-07-01,278,13,2.73,1.19,72.61,85.42,59.76
1965-08-01,268,18,2.80,1.54,71.06,83.77,58.33
1965-09-01,149,89,3.53,2.77,61.77,73.31,50.23
1965-10-01,45,284,1.45,-0.55,54.99,68.77,41.22
1965-11-01,20,512,2.00,-0.83,44.65,55.49,33.82
1965-12-01,6,760,2.16,-1.06,35.85,45.72,25.97
1966-01-01,4,1025,2.36,-1.01,26.38,36.37,16.39
1966-02-01,5,803,2.34,-0.46,31.24,41.90,20.59
1966-03-01,11,596,1.61,-1.51,43.00,55.51,30.49
1966-04-01,29,388,2.49,-1.20,49.96,62.38,37.53
1966-05-01,85,197,2.24,-1.67,60.19,73.81,46.54
1966-06-01,192,37,2.24,-2.07,67.93,81.18,54.70
1966-07-01,344,8,2.41,-2.64,75.07,88.41,61.72
1966-08-01,266,17,3.11,-2.00,70.86,83.59,58.12
1966-09-01,130,89,2.44,-1.85,64.54,77.13,51.96
1966-10-01,41,313,1.67,-1.96,52.83,66.33,39.33
1966-11-01,12,518,2.01,-2.31,43.21,54.48,31.95
1966-12-01,4,847,2.54,-2.42,32.68,42.60,22.77
1967-01-01,8,832,2.15,-2.62,33.10,43.88,22.30
1967-02-01,5,825,1.42,-2.81,32.88,44.98,20.79
1967-03-01,24,607,1.92,-3.35,43.63,55.81,31.46
1967-04-01,49,369,2.67,0.21,51.01,62.82,39.20
1967-05-01,75,238,2.96,0.59,57.63,70.48,44.76
1967-06-01,199,40,3.58,1.35,67.55,79.52,55.58
1967-07-01,277,10,2.89,1.94,72.52,85.26,59.77
1967-08-01,250,20,2.51,2.11,71.22,84.65,57.78
1967-09-01,116,90,2.49,2.07,64.06,77.02,51.08
1967-10-01,42,285,2.34,2.14,53.92,67.08,40.77
1967-11-01,13,603,1.61,1.57,41.54,52.63,30.45
1967-12-01,9,814,3.06,2.04,32.07,41.79,22.37
1968-01-01,5,988,2.17,2.28,28.94,39.29,18.57
1968-02-01,2,836,1.48,1.64,32.92,43.84,22.01
1968-03-01,8,583,2.16,0.90,43.56,55.96,31.15
1968-04-01,33,330,2.46,0.86,50.58,63.19,37.96
1968-05-01,78,205,3.33,1.45,58.17,70.63,45.70
1968-06-01,200,40,3.12,1.58,68.50,81.34,55.69
1968-07-01,300,8,2.77,1.80,72.86,85.78,59.95
1968-08-01,282,19,2.88,2.27,70.59,82.72,58.46
1968-09-01,138,69,2.31,2.04,63.90,77.14,50.65
1968-10-01,49,257,2.07,1.79,54.64,67.50,41.79
1968-11-01,7,572,2.82,2.22,41.14,50.95,31.32
1968-12-01,3,908,2.82,2.78,30.04,40.15,19.92
1969-01-01,6,946,3.01,3.72,29.37,38.91,19.81
1969-02-01,3,787,2.23,3.65,32.81,42.48,23.13
1969-03-01,4,750,1.89,3.05,36.03,47.52,24.55
1969-04-01,34,322,2.60,2.68,52.63,65.28,39.96
1969-05-01,94,147,2.66,2.05,61.41,74.71,48.11
1969-06-01,196,52,3.31,2.43,66.83,79.14,54.50
1969-07-01,330,10,3.09,2.65,74.10,86.77,61.41
1969-08-01,295,11,2.31,2.11,73.22,86.88,59.58
1969-09-01,148,68,2.30,1.66,65.55,78.22,52.88
1969-10-01,47,314,2.70,2.29,51.03,62.10,39.96
1969-11-01,8,584,1.59,1.68,41.59,53.20,30.00
1969-12-01,4,869,2.94,2.00,33.46,43.11,23.81
1970-01-01,2,1067,2.09,2.09,27.14,37.26,17.04
1970-02-01,3,763,1.63,1.52,35.35,47.37,23.31
1970-03-01,10,695,2.68,1.77,38.50,49.30,27.72
1970-04-01,37,363,2.78,2.08,49.44,61.38,37.51
1970-05-01,103,135,2.61,-0.36,61.07,74.41,47.73
1970-06-01,195,36,2.77,-0.45,68.74,81.55,55.92
1970-07-01,317,6,2.41,-0.88,73.96,87.21,60.71
1970-08-01,304,11,2.37,-1.35,73.38,86.86,59.90
1970-09-01,178,64,3.06,0.54,64.58,77.27,51.87
1970-10-01,45,270,2.88,1.31,52.27,64.06,40.46
1970-11-01,6,564,2.20,1.31,41.31,51.82,30.78
1970-12-01,9,812,2.22,1.31,33.58,44.10,23.07
1971-01-01,7,978,2.03,1.27,29.41,39.99,18.84
1971-02-01,7,766,2.37,1.57,33.48,44.60,22.35
1971-03-01,10,692,2.08,-0.30,39.65,51.57,27.73
1971-04-01,23,391,1.86,-0.76,50.27,63.48,37.06
1971-05-01,71,209,2.92,-0.39,58.26,71.19,45.34
1971-06-01,235,36,2.53,-0.74,69.44,82.36,56.53
1971-07-01,285,12,3.00,0.37,72.36,85.51,59.22
1971-08-01,262,15,2.75,0.63,72.01,85.05,58.98
1971-09-01,173,56,2.83,1.00,64.33,76.64,52.00
1971-10-01,69,205,2.73,1.39,55.08,66.63,43.48
1971-11-01,13,572,2.03,1.27,41.61,52.16,31.06
1971-12-01,16,739,3.20,2.01,33.98,43.23,24.75
1972-01-01,14,898,2.33,2.50,29.93,40.95,18.91
1972-02-01,6,786,1.80,2.12,33.55,45.25,21.83
1972-03-01,22,609,2.13,1.24,44.04,56.66,31.42
1972-04-01,37,387,2.26,0.95,50.81,63.46,38.14
1972-05-01,88,150,2.95,0.88,60.53,73.44,47.59
1972-06-01,173,54,3.10,1.06,68.22,81.07,55.33
1972-07-01,295,10,2.93,1.41,72.18,84.94,59.40
1972-08-01,269,15,2.64,1.57,71.67,84.40,58.95
1972-09-01,165,74,2.74,1.76,64.44,76.62,52.23
1972-10-01,44,341,2.75,2.35,52.29,63.41,41.14
1972-11-01,10,633,3.05,3.34,38.93,47.41,30.45
1972-12-01,8,848,3.02,4.52,29.86,39.40,20.34
1973-01-01,6,911,2.48,4.86,29.59,39.34,19.83
1973-02-01,3,781,1.96,4.39,33.58,44.04,23.13
1973-03-01,24,523,4.00,5.18,44.29,54.27,34.32
1973-04-01,18,375,3.33,5.74,48.83,60.24,37.42
1973-05-01,78,192,3.03,5.42,59.23,72.21,46.26
1973-06-01,228,27,3.05,5.02,68.95,81.82,56.07
1973-07-01,313,8,2.96,4.94,73.26,86.18,60.31
1973-08-01,293,11,2.06,3.99,72.61,85.71,59.47
1973-09-01,163,69,3.46,4.59,64.40,76.35,52.45
1973-10-01,61,226,2.37,4.19,56.07,68.83,43.30
1973-11-01,22,515,3.17,4.57,42.93,53.02,32.83
1973-12-01,4,811,3.09,5.15,33.71,43.77,23.63
1974-01-01,20,846,3.15,5.96,31.01,40.69,21.31
1974-02-01,6,757,1.68,5.07,34.74,46.76,22.71
1974-03-01,29,562,2.63,4.37,44.38,55.92,32.85
1974-04-01,30,327,2.55,3.94,51.55,64.29,38.80
1974-05-01,106,182,3.07,3.70,60.37,72.90,47.86
1974-06-01,172,47,2.64,3.12,68.49,82.15,54.82
1974-07-01,311,8,2.14,2.23,74.08,87.49,60.67
1974-08-01,260,17,3.43,2.93,70.30,83.03,57.58
1974-09-01,120,100,2.72,3.13,62.31,75.36,49.24
1974-10-01,39,315,2.01,2.76,53.89,66.96,40.80
1974-11-01,10,544,2.18,2.36,42.39,52.95,31.82
1974-12-01,5,811,2.42,2.11,33.66,43.30,24.03
1975-01-01,12,830,2.61,2.24,32.34,42.87,21.81
1975-02-01,11,746,2.61,2.69,32.76,43.07,22.44
1975-03-01,14,694,3.40,3.55,38.70,49.50,27.90
1975-04-01,26,460,2.67,3.86,46.85,58.08,35.62
1975-05-01,117,132,3.28,3.82,60.35,72.93,47.79
1975-06-01,200,43,3.31,3.99,67.51,79.88,55.15
1975-07-01,295,7,2.97,4.20,73.56,86.13,60.98
1975-08-01,289,16,2.83,4.37,71.53,84.25,58.78
1975-09-01,122,106,2.66,4.37,62.89,75.78,50.02
1975-10-01,52,248,2.30,4.11,54.63,67.57,41.68
1975-11-01,12,486,2.28,3.86,42.60,54.19,31.03
1975-12-01,5,815,2.11,3.56,34.29,44.55,24.01
1976-01-01,4,976,1.76,-0.10,29.93,41.47,18.37
1976-02-01,10,615,1.89,-0.44,39.56,51.62,27.50
1976-03-01,23,556,2.57,-0.43,42.31,54.41,30.22
1976-04-01,28,327,2.29,-0.65,51.85,64.58,39.11
1976-05-01,68,189,2.93,-0.38,59.04,72.25,45.84
1976-06-01,201,34,2.77,-0.34,67.80,80.94,54.66
1976-07-01,281,10,2.74,-0.09,72.90,85.86,59.95
1976-08-01,239,23,2.00,-0.49,70.66,83.97,57.34
1976-09-01,125,88,2.45,0.05,64.18,77.20,51.19
1976-10-01,25,378,2.44,0.70,50.00,62.76,37.22
1976-11-01,8,679,1.11,-0.63,38.48,50.59,26.38
1976-12-01,4,943,1.36,-1.42,30.92,43.16,18.68
1977-01-01,1,1184,1.58,-2.31,23.09,33.66,12.52
1977-02-01,4,750,1.23,-3.34,36.03,48.51,23.56
1977-03-01,22,544,3.10,-2.57,43.18,54.97,31.37
1977-04-01,35,283,2.27,-2.85,54.07,67.59,40.57
1977-05-01,119,137,2.67,-2.94,61.66,74.10,49.23
1977-06-01,213,41,2.49,-3.21,70.34,83.55,57.11
1977-07-01,347,8,2.56,-3.46,74.43,87.49,61.36
1977-08-01,292,16,3.55,0.81,71.78,84.02,59.54
1977-09-01,179,65,3.22,1.32,65.93,77.77,54.07
1977-10-01,43,303,2.19,1.27,53.98,66.69,41.27
1977-11-01,16,508,2.86,1.58,42.87,53.38,32.34
1977-12-01,5,846,2.72,1.91,33.28,43.25,23.31
1978-01-01,2,1061,3.18,2.95,25.86,34.84,16.86
1978-02-01,1,953,1.77,2.54,27.99,37.83,18.14
1978-03-01,10,677,2.26,2.02,41.31,52.70,29.89
1978-04-01,32,361,2.54,1.82,51.58,63.41,39.76
1978-05-01,96,170,3.64,2.41,59.74,71.87,47.61
1978-06-01,216,36,2.55,-0.32,68.94,82.09,55.76
1978-07-01,311,9,2.75,0.07,73.80,86.92,60.69
1978-08-01,295,14,2.77,0.30,71.80,84.83,58.78
1978-09-01,176,66,2.44,-0.12,65.84,78.28,53.40
1978-10-01,51,291,1.11,-1.03,54.41,68.36,40.44
1978-11-01,20,533,2.60,0.15,41.47,51.84,31.10
1978-12-01,9,859,2.53,0.21,29.80,40.24,19.38
1979-01-01,4,1084,3.31,1.13,21.90,31.26,12.58
1979-02-01,4,942,2.60,1.70,28.13,38.68,17.56
1979-03-01,14,584,2.80,1.75,42.06,53.08,31.06
1979-04-01,33,374,3.07,2.26,50.14,61.77,38.53
1979-05-01,83,160,3.23,2.49,59.13,71.47,46.80
1979-06-01,184,42,2.54,2.03,67.82,81.07,54.57
1979-07-01,293,9,3.30,2.53,73.13,85.77,60.49
1979-08-01,261,18,2.99,3.05,70.97,83.26,58.66
1979-09-01,156,64,2.51,2.74,66.09,79.83,52.36
1979-10-01,52,279,2.20,2.48,55.26,68.40,42.12
1979-11-01,12,548,2.34,2.51,39.94,50.83,29.03
1979-12-01,6,759,1.86,2.05,36.03,47.14,24.93
1980-01-01,7,886,2.65,2.23,31.12,40.37,21.85
1980-02-01,3,827,1.92,2.02,32.85,43.30,22.41
1980-03-01,14,685,3.39,2.88,39.36,50.40,28.31
1980-04-01,23,350,2.38,-0.12,51.44,64.44,38.41
1980-05-01,96,158,3.09,0.19,60.28,72.73,47.79
1980-06-01,199,56,2.31,-0.54,68.74,82.06,55.40
1980-07-01,372,7,1.97,-1.48,75.76,89.53,61.97
1980-08-01,338,13,2.57,-1.79,72.79,85.80,59.77
1980-09-01,190,59,2.79,-1.52,66.24,79.11,53.35
1980-10-01,41,323,1.87,-1.50,52.59,65.68,39.51
1980-11-01,11,578,1.76,-2.06,42.31,53.64,30.99
1980-12-01,4,832,1.57,-3.11,35.19,46.17,24.21
1981-01-01,2,979,0.98,-4.78,32.41,43.54,21.29
1981-02-01,6,692,2.17,-5.75,36.59,48.45,24.71
1981-03-01,10,626,2.21,-5.84,42.85,54.66,31.05
1981-04-01,52,272,2.19,-5.99,55.13,67.89,42.37
1981-05-01,77,177,3.55,0.77,58.96,71.10,46.85
1981-06-01,253,30,3.41,1.11,69.82,82.26,57.36
1981-07-01,330,8,3.09,1.62,73.96,86.54,61.36
1981-08-01,272,13,2.76,1.88,72.10,84.96,59.25
1981-09-01,137,80,2.08,1.35,64.92,78.08,51.76
1981-10-01,43,336,3.10,2.29,52.32,63.68,40.95
1981-11-01,12,516,2.01,2.02,44.74,56.25,33.22
1981-12-01,4,848,2.41,2.24,33.66,43.45,23.86
1982-01-01,6,1059,2.84,3.02,26.22,37.33,15.12
1982-02-01,11,771,2.23,3.03,32.59,43.38,21.79
1982-03-01,22,622,2.51,2.65,42.03,52.83,31.21
1982-04-01,28,417,2.52,2.71,48.63,60.96,36.30
1982-05-01,114,128,3.42,2.86,60.80,73.15,48.43
1982-06-01,166,66,3.31,3.25,66.33,78.58,54.03
1982-07-01,313,10,2.95,3.64,73.20,85.62,60.78
1982-08-01,261,22,2.55,3.57,72.09,84.56,59.59
1982-09-01,138,81,2.45,3.33,64.04,76.03,52.05
1982-10-01,44,274,2.33,3.31,53.26,65.35,41.14
1982-11-01,16,532,2.99,3.87,41.13,51.17,31.08
1982-12-01,11,704,3.76,5.15,35.82,45.05,26.60
1983-01-01,5,876,2.08,5.10,33.12,42.35,23.86
1983-02-01,5,707,2.68,5.15,36.86,46.53,27.19
1983-03-01,9,595,3.70,5.73,42.40,52.03,32.76
1983-04-01,14,434,3.20,6.31,47.01,58.21,35.80
1983-05-01,75,198,3.47,6.50,57.94,70.54,45.36
1983-06-01,188,40,2.95,6.09,67.10,79.65,54.54
1983-07-01,344,8,2.08,5.13,73.99,86.97,61.00
1983-08-01,353,6,2.37,4.00,75.06,87.96,62.13
1983-09-01,167,58,2.26,3.25,65.59,78.73,52.47
1983-10-01,56,257,2.61,3.24,55.00,66.69,43.30
1983-11-01,13,523,3.92,4.25,43.03,52.77,33.28
1983-12-01,6,987,3.44,5.32,25.47,34.43,16.52
1984-01-01,4,994,1.35,4.69,28.83,38.97,18.72
1984-02-01,6,649,2.11,4.20,37.38,48.85,25.93
1984-03-01,14,696,2.75,4.12,40.08,50.99,29.17
1984-04-01,25,381,2.95,4.33,49.60,61.23,37.96
1984-05-01,96,179,3.15,4.16,60.08,72.97,47.19
1984-06-01,229,34,2.93,3.81,68.61,81.14,56.08
1984-07-01,292,9,2.83,3.71,73.17,86.07,60.24
1984-08-01,307,9,2.43,3.19,73.13,85.86,60.40
1984-09-01,142,93,1.91,2.49,63.14,76.01,50.25
1984-10-01,66,234,3.65,3.65,53.60,64.22,42.98
1984-11-01,10,577,2.85,4.24,41.54,52.25,30.83
1984-12-01,15,710,2.49,4.80,34.54,44.46,24.64
1985-01-01,2,1054,1.42,4.28,26.31,36.43,16.20
1985-02-01,6,804,2.10,4.05,30.87,41.68,20.03
1985-03-01,23,562,2.48,-0.24,43.48,54.93,32.04
1985-04-01,39,270,1.97,-1.09,54.36,67.42,41.29
1985-05-01,111,134,2.55,-1.58,62.08,75.16,48.97
1985-06-01,197,50,2.62,-1.68,68.11,81.28,54.93
1985-07-01,312,6,2.72,-1.82,74.05,87.33,60.76
1985-08-01,267,20,2.93,0.30,71.02,83.84,58.21
1985-09-01,141,77,3.00,0.98,62.73,74.50,50.94
1985-10-01,67,251,3.18,1.82,54.30,65.75,42.84
1985-11-01,27,518,3.54,3.22,39.51,48.79,30.22
1985-12-01,4,948,1.46,3.33,28.81,39.47,18.14
1986-01-01,7,852,1.45,2.91,34.68,46.04,23.32
1986-02-01,10,723,2.82,3.37,35.85,45.95,25.75
1986-03-01,17,542,1.98,1.99,46.18,58.59,33.78
1986-04-01,34,305,2.24,1.36,52.86,65.44,40.30
1986-05-01,106,135,2.95,1.17,61.09,73.72,48.45
1986-06-01,230,32,3.03,1.02,70.41,83.16,57.65
1986-07-01,338,12,2.75,0.91,73.51,86.09,60.93
1986-08-01,261,20,2.82,1.08,71.73,84.58,58.86
1986-09-01,159,83,3.59,2.18,63.70,74.59,52.81
1986-10-01,50,265,2.81,2.66,54.01,65.59,42.42
1986-11-01,25,561,2.94,3.38,41.40,51.33,31.44
1986-12-01,9,796,2.00,3.61,34.43,43.72,25.14
1987-01-01,5,917,2.17,3.80,31.44,41.52,21.36
1987-02-01,7,709,2.33,3.62,37.38,47.62,27.16
1987-03-01,13,578,2.67,0.04,42.57,53.87,31.24
1987-04-01,22,315,1.46,-1.26,53.53,67.66,39.38
1987-05-01,127,117,3.24,-1.33,62.96,75.36,50.54
1987-06-01,240,23,2.81,-1.47,70.25,83.28,57.22
1987-07-01,329,10,2.83,-1.48,73.27,85.82,60.69
1987-08-01,299,16,2.74,-1.28,71.87,84.60,59.14
1987-09-01,155,65,2.19,-1.49,65.25,78.71,51.78
1987-10-01,40,345,1.15,-2.12,52.95,66.90,39.00
1987-11-01,15,501,2.55,-2.03,43.97,54.81,33.13
1987-12-01,8,777,2.87,-1.75,34.54,43.92,25.18
1988-01-01,5,998,1.97,-1.79,27.79,38.14,17.44
1988-02-01,5,768,1.52,-1.99,33.69,45.64,21.72
1988-03-01,13,593,2.04,-2.38,42.40,54.91,29.89
1988-04-01,28,349,2.32,-2.36,51.82,65.28,38.34
1988-05-01,91,146,2.07,-3.01,61.21,74.95,47.48
1988-06-01,215,33,1.61,-4.27,70.88,85.03,56.70
1988-07-01,356,4,2.70,-4.78,74.79,88.18,61.38
1988-08-01,343,7,2.57,-4.99,73.67,86.86,60.46
1988-09-01,150,76,2.81,-4.24,64.60,77.61,51.60
1988-10-01,46,347,1.43,-4.47,53.96,67.01,40.89
1988-11-01,20,513,3.17,-3.67,43.29,54.05,32.52
1988-12-01,6,828,1.69,-4.01,33.46,44.51,22.41
1989-01-01,15,785,2.05,-4.25,34.09,45.14,23.04
1989-02-01,7,822,2.01,-3.82,29.17,39.54,18.81
1989-03-01,20,595,2.91,-3.15,42.67,54.46,30.90
1989-04-01,37,343,1.79,-3.69,52.88,65.93,39.81
1989-05-01,93,172,3.26,0.28,60.46,73.17,47.73
1989-06-01,207,35,3.80,1.21,68.13,80.60,55.65
1989-07-01,314,7,2.86,1.62,74.23,87.03,61.43
1989-08-01,264,17,2.73,1.92,71.31,83.61,59.00
1989-09-01,138,77,2.68,2.07,64.08,76.95,51.19
1989-10-01,48,264,1.89,-0.17,54.34,67.51,41.16
1989-11-01,17,542,1.73,-0.65,42.93,54.82,31.03
1989-12-01,2,1057,1.34,-1.54,27.73,38.89,16.57
1990-01-01,15,727,2.79,-1.69,36.50,47.16,25.83
1990-02-01,15,650,2.68,0.58,36.70,48.15,25.23
1990-03-01,21,532,2.71,0.39,44.74,56.12,33.37
1990-04-01,30,325,2.49,0.21,52.52,64.99,40.01
1990-05-01,91,193,3.83,1.25,58.86,70.90,46.83
1990-06-01,233,33,2.50,-0.50,70.23,83.25,57.22
1990-07-01,315,7,2.94,-0.25,73.26,85.75,60.76
1990-08-01,289,12,2.65,-0.14,72.28,84.90,59.63
1990-09-01,171,59,2.04,-0.80,67.35,80.37,54.34
1990-10-01,55,250,2.76,0.57,53.98,67.23,40.71
1990-11-01,18,467,2.09,0.25,44.92,56.89,32.97
1990-12-01,10,796,2.69,0.49,30.83,41.86,19.80
1991-01-01,11,912,2.37,0.78,29.48,39.25,19.72
1991-02-01,10,628,1.64,0.10,39.81,51.60,28.00
1991-03-01,21,568,3.33,0.74,43.32,54.73,31.93
1991-04-01,45,297,3.35,1.34,52.54,64.40,40.66
1991-05-01,147,113,3.72,1.76,61.97,73.54,50.40
1991-06-01,230,36,2.84,1.53,69.08,81.30,56.84
1991-07-01,333,7,2.70,1.48,73.89,86.63,61.14
1991-08-01,300,9,2.60,1.30,72.99,85.71,60.26
1991-09-01,151,72,2.53,1.21,64.90,77.56,52.25
1991-10-01,62,244,2.10,1.02,54.75,68.09,41.40
1991-11-01,9,590,2.49,1.19,39.43,49.46,29.39
1991-12-01,10,749,2.77,1.40,35.74,45.37,26.10
1992-01-01,6,844,2.08,1.43,33.62,43.52,23.72
1992-02-01,10,634,2.32,1.33,39.70,50.07,29.34
1992-03-01,16,596,2.51,-0.33,44.71,56.35,33.04
1992-04-01,29,344,2.06,-0.86,52.54,64.96,40.08
1992-05-01,80,158,2.29,-1.45,61.16,74.28,48.04
1992-06-01,171,49,3.39,0.56,67.44,79.77,55.08
1992-07-01,288,17,3.65,1.63,71.22,83.03,59.40
1992-08-01,231,27,2.90,2.38,69.84,82.35,57.34
1992-09-01,152,78,2.33,2.14,64.67,77.52,51.80
1992-10-01,49,301,1.67,1.56,54.54,67.60,41.45
1992-11-01,14,571,3.27,2.51,40.06,49.19,30.92
1992-12-01,8,825,2.79,3.30,31.75,40.87,22.60
1993-01-01,13,853,3.20,4.34,30.47,39.61,21.33
1993-02-01,6,816,2.18,4.18,31.14,41.31,20.95
1993-03-01,12,653,2.85,4.04,41.79,52.57,31.01
1993-04-01,19,374,2.92,4.20,49.91,61.84,37.98
1993-05-01,92,138,2.94,3.74,60.89,73.38,48.38
1993-06-01,205,43,3.61,4.21,67.21,79.27,55.13
1993-07-01,342,15,3.30,4.80,72.16,84.02,60.28
1993-08-01,312,12,2.77,4.98,71.89,84.22,59.54
1993-09-01,148,92,2.58,4.83,63.30,76.32,50.27
1993-10-01,47,304,2.19,4.59,52.97,65.34,40.59
1993-11-01,12,587,2.12,4.43,39.22,50.29,28.13
1993-12-01,4,822,1.96,4.11,34.20,44.02,24.37
1994-01-01,7,1008,2.24,4.05,29.34,39.78,18.90
1994-02-01,10,798,2.15,3.89,31.87,43.07,20.70
1994-03-01,19,584,2.36,3.02,44.51,56.82,32.20
1994-04-01,39,299,2.82,2.87,52.66,65.61,39.74
1994-05-01,80,181,2.43,2.09,60.67,73.49,47.86
1994-06-01,260,24,2.90,1.63,70.95,83.93,57.97
1994-07-01,325,7,3.09,1.54,73.62,86.47,60.75
1994-08-01,264,19,2.54,1.23,72.21,85.23,59.20
1994-09-01,139,68,2.14,0.68,65.55,78.67,52.41
1994-10-01,49,275,2.86,1.25,54.21,65.91,42.51
1994-11-01,23,493,2.90,1.73,42.57,52.86,32.25
1994-12-01,10,724,2.19,1.75,36.23,45.70,26.76
1995-01-01,6,840,3.18,2.69,33.08,42.17,23.99
1995-02-01,8,732,1.60,1.93,37.36,48.79,25.93
1995-03-01,19,553,2.99,2.03,43.34,54.41,32.27
1995-04-01,30,378,2.83,2.36,49.41,61.50,37.31
1995-05-01,97,186,4.10,3.46,58.64,70.07,47.21
1995-06-01,198,37,3.23,3.59,67.55,79.84,55.26
1995-07-01,345,6,2.65,3.53,73.54,86.45,60.64
1995-08-01,358,9,2.66,3.22,74.32,87.12,61.50
1995-09-01,152,80,2.20,2.65,64.69,77.54,51.82
1995-10-01,61,238,2.63,2.81,54.45,67.48,41.41
1995-11-01,13,597,2.37,2.71,42.04,53.46,30.61
1995-12-01,5,863,2.25,2.57,33.42,43.29,23.56
1996-01-01,6,931,2.82,3.03,29.70,40.78,18.61
1996-02-01,6,730,1.89,2.59,35.69,47.16,24.22
1996-03-01,8,700,2.24,2.24,39.02,51.12,26.94
1996-04-01,27,360,2.56,2.15,50.65,63.72,37.58
1996-05-01,124,172,3.32,2.24,60.98,72.95,48.99
1996-06-01,226,30,2.87,1.90,69.87,82.65,57.07
1996-07-01,306,10,3.12,2.15,73.63,86.29,60.98
1996-08-01,288,11,2.66,2.11,72.43,85.21,59.65
1996-09-01,138,77,3.44,3.01,63.46,75.42,51.51
1996-10-01,46,279,2.49,3.15,53.65,66.07,41.23
1996-11-01,15,626,3.00,3.91,39.63,49.51,29.73
1996-12-01,7,757,3.29,5.07,33.91,43.68,24.12
1997-01-01,8,917,2.81,5.62,29.95,39.81,20.10
1997-02-01,11,665,2.39,5.38,36.05,46.08,26.02
1997-03-01,32,541,2.44,4.43,44.67,57.09,32.23
1997-04-01,20,407,2.99,4.84,47.91,59.86,35.96
1997-05-01,87,199,2.78,4.35,59.40,72.28,46.49
1997-06-01,187,36,3.40,4.45,68.31,80.42,56.17
1997-07-01,314,10,2.71,4.27,73.18,85.84,60.51
1997-08-01,270,18,2.68,4.10,71.74,84.15,59.34
1997-09-01,172,66,2.54,3.63,66.42,78.93,53.89
1997-10-01,47,277,2.52,3.66,53.92,66.24,41.59
1997-11-01,11,594,2.29,3.51,40.87,50.85,30.88
1997-12-01,6,802,2.31,3.38,34.00,43.05,24.94
1998-01-01,12,757,3.36,4.18,34.99,44.31,25.66
1998-02-01,7,623,3.32,4.83,38.71,47.82,29.61
1998-03-01,11,593,3.23,5.07,41.34,51.84,30.83
1998-04-01,24,338,2.57,4.65,51.06,63.46,38.66
1998-05-01,139,127,2.62,-0.54,62.47,75.15,49.78
1998-06-01,230,47,3.32,-0.04,68.13,80.35,55.90
1998-07-01,353,5,2.86,-0.05,75.49,88.07,62.89
1998-08-01,338,7,2.42,-0.49,74.03,86.95,61.07
1998-09-01,213,36,2.51,-0.89,68.99,81.95,56.01
1998-10-01,62,249,2.97,0.63,55.13,66.92,43.32
1998-11-01,22,486,2.63,0.73,44.91,54.73,35.04
1998-12-01,12,717,2.08,0.52,35.55,45.99,25.11
1999-01-01,12,841,3.13,1.20,33.78,44.46,23.13
1999-02-01,12,635,1.92,0.77,39.49,50.76,28.22
1999-03-01,13,636,2.19,0.21,42.80,54.75,30.83
1999-04-01,44,327,2.87,0.53,51.55,63.43,39.67
1999-05-01,98,152,2.91,0.52,60.06,72.73,47.37
1999-06-01,217,35,3.31,0.93,68.31,80.37,56.23
1999-07-01,367,7,2.58,0.87,74.30,86.86,61.74
1999-08-01,307,15,2.30,-0.36,72.91,85.93,59.88
1999-09-01,154,64,2.52,-0.25,64.35,77.94,50.74
1999-10-01,57,272,1.57,-0.78,54.75,68.88,40.62
1999-11-01,19,415,1.44,-2.07,48.11,61.16,35.06
1999-12-01,6,755,1.73,-3.31,36.10,47.10,25.11
2000-01-01,9,869,2.14,-4.31,33.57,44.20,22.91
2000-02-01,11,629,2.12,-5.14,39.78,51.19,28.36
2000-03-01,28,490,2.44,-5.16,46.04,58.08,33.98
2000-04-01,30,338,2.32,-4.94,52.59,65.77,39.42
2000-05-01,139,122,2.66,-5.02,63.14,75.99,50.27
2000-06-01,223,31,3.45,-4.05,69.03,81.59,56.44
2000-07-01,290,13,2.30,-4.07,73.87,86.92,60.82
2000-08-01,306,13,1.91,-4.75,74.05,87.33,60.75
2000-09-01,159,73,2.18,-4.70,65.57,79.09,52.05
2000-10-01,50,247,2.26,-4.24,55.09,67.17,43.02
2000-11-01,9,613,2.73,-3.38,38.03,47.89,28.15
2000-12-01,4,984,1.71,-3.50,28.44,38.53,18.34
2001-01-01,3,920,1.85,-3.67,31.35,41.41,21.31
2001-02-01,13,710,2.21,-3.03,33.98,44.46,23.49
2001-03-01,13,653,2.57,-2.68,41.49,52.23,30.72
2001-04-01,41,306,2.10,-3.00,53.08,65.43,40.73
2001-05-01,121,121,2.78,-3.12,62.82,76.12,49.50
2001-06-01,223,32,3.12,-2.65,69.24,82.02,56.44
2001-07-01,306,10,2.72,-2.55,74.48,87.10,61.84
2001-08-01,334,6,2.41,-2.82,74.30,87.42,61.18
2001-09-01,141,72,2.45,-2.69,65.70,78.84,52.54
2001-10-01,47,266,2.06,-2.52,54.37,67.51,41.23
2001-11-01,21,406,2.39,-2.74,47.41,59.02,35.78
2001-12-01,12,698,2.36,-2.97,36.12,46.17,26.08
2002-01-01,9,779,2.01,-3.34,34.48,45.07,23.90
2002-02-01,6,667,1.32,-3.83,36.39,48.54,24.22
2002-03-01,18,621,2.59,-3.20,39.54,51.73,27.37
2002-04-01,54,290,2.26,-3.36,53.49,65.95,41.04
2002-05-01,92,192,2.64,-3.12,59.29,72.46,46.09
2002-06-01,239,26,2.56,-3.34,70.86,83.98,57.74
2002-07-01,365,3,2.60,-3.56,75.85,88.79,62.91
2002-08-01,325,9,2.40,-3.76,72.86,85.95,59.77
2002-09-01,198,42,2.72,-0.04,66.85,79.63,54.05
2002-10-01,57,305,3.01,0.96,51.84,62.58,41.07
2002-11-01,11,563,1.94,0.71,41.97,52.74,31.19
2002-12-01,5,813,3.00,1.16,35.08,44.87,25.27
2003-01-01,4,939,1.33,0.76,32.81,43.38,22.24
2003-02-01,8,798,2.57,1.32,32.79,43.14,22.44
2003-03-01,25,573,2.48,0.96,43.30,54.97,31.62
2003-04-01,31,355,2.63,0.93,51.89,64.27,39.51
2003-05-01,110,173,3.27,1.10,60.98,73.22,48.76
2003-06-01,185,44,3.45,1.62,68.05,80.53,55.56
2003-07-01,335,5,2.64,1.60,75.47,88.70,62.22
2003-08-01,338,6,2.56,-0.23,74.66,87.42,61.88
2003-09-01,154,66,2.82,0.31,64.96,77.86,52.05
2003-10-01,64,262,1.83,-0.49,56.55,69.71,43.39
2003-11-01,22,486,2.55,-0.38,42.35,52.70,32.00
2003-12-01,4,788,2.38,-0.50,35.29,45.45,25.14
2004-01-01,7,960,1.97,-0.74,30.34,40.44,20.26
2004-02-01,7,762,2.45,-0.16,33.57,43.77,23.38
2004-03-01,29,491,2.01,-1.28,47.41,59.25,35.53
2004-04-01,28,308,2.50,-1.30,52.68,65.37,39.97
2004-05-01,136,115,3.34,0.21,61.92,74.37,49.44
2004-06-01,205,41,3.51,0.87,68.09,80.38,55.76
2004-07-01,297,9,3.05,1.50,72.90,85.26,60.53
2004-08-01,250,21,3.04,2.33,70.16,82.53,57.78
2004-09-01,172,52,2.98,2.63,65.66,78.28,53.04
2004-10-01,68,256,3.04,3.17,55.36,66.36,44.37
2004-11-01,18,494,3.18,4.00,43.99,53.83,34.16
2004-12-01,5,799,2.18,4.50,35.06,45.52,24.62
2005-01-01,11,849,2.70,4.99,33.39,42.87,23.92
2005-02-01,8,670,2.06,-0.08,37.94,48.15,27.73
2005-03-01,13,643,2.34,-0.34,42.31,53.91,30.72
2005-04-01,24,313,2.57,-0.35,52.27,65.16,39.36
2005-05-01,83,190,2.76,-0.34,59.56,72.00,47.10
2005-06-01,245,31,3.14,0.20,69.21,81.48,56.91
2005-07-01,367,4,2.70,0.11,75.31,88.50,62.10
2005-08-01,346,8,2.99,0.37,73.20,85.95,60.46
2005-09-01,211,42,1.94,-0.79,67.37,80.83,53.91
2005-10-01,55,241,2.37,-0.62,55.38,67.44,43.30
2005-11-01,20,470,2.22,-0.91,45.01,56.84,33.17
2005-12-01,5,862,2.29,-1.12,32.70,42.78,22.62
2006-01-01,14,685,2.61,-1.19,38.93,49.64,28.22
2006-02-01,5,722,1.52,-1.51,34.83,46.69,22.98
2006-03-01,21,600,2.31,-1.68,42.62,53.73,31.50
2006-04-01,55,273,2.54,-1.95,55.26,68.45,42.04
2006-05-01,109,142,2.29,-2.57,62.28,75.49,49.06
2006-06-01,234,25,2.56,-2.94,70.75,84.09,57.40
2006-07-01,383,3,2.46,-3.65,76.41,89.58,63.23
2006-08-01,331,11,2.80,-3.63,73.40,86.13,60.66
2006-09-01,135,86,2.80,-2.87,63.30,75.87,50.72
2006-10-01,46,310,2.90,-1.79,52.59,64.67,40.50
2006-11-01,14,474,2.46,-1.51,44.08,55.53,32.63
2006-12-01,12,691,2.57,-1.18,36.57,47.10,26.02
2007-01-01,10,840,2.22,-0.82,31.35,41.40,21.33
2007-02-01,6,838,1.76,-0.86,32.41,42.89,21.94
2007-03-01,31,497,2.31,-1.62,47.66,60.03,35.28
2007-04-01,24,373,2.49,-1.37,50.54,62.83,38.23
2007-05-01,117,117,2.75,-1.62,62.33,75.36,49.30
2007-06-01,232,27,2.91,-1.57,69.87,82.92,56.82
2007-07-01,308,6,2.88,-1.55,74.70,87.44,61.95
2007-08-01,363,9,2.60,-1.77,74.64,87.48,61.83
2007-09-01,187,50,2.17,-2.10,66.43,79.41,53.46
2007-10-01,80,181,2.72,-1.63,56.68,68.99,44.35
2007-11-01,17,522,1.40,-2.48,44.01,55.90,32.09
2007-12-01,13,798,2.97,-2.34,33.22,42.98,23.47
2008-01-01,7,886,2.21,-2.39,30.27,40.77,19.76
2008-02-01,12,729,2.47,0.48,34.70,46.02,23.38
2008-03-01,18,610,2.52,0.38,41.86,54.07,29.66
2008-04-01,31,325,2.54,0.49,50.40,63.46,37.33
2008-05-01,93,188,3.00,0.67,59.36,72.14,46.56
2008-06-01,262,29,3.00,0.64,69.60,82.63,56.57
2008-07-01,331,6,2.80,0.72,74.08,87.04,61.09
2008-08-01,281,15,3.05,1.18,72.28,84.94,59.61
2008-09-01,170,55,2.68,1.25,65.21,77.99,52.43
2008-10-01,48,283,2.18,1.22,53.98,66.81,41.16
2008-11-01,12,535,1.95,-0.37,43.92,54.93,32.90
2008-12-01,8,827,2.84,-0.05,31.87,42.60,21.15
2009-01-01,7,952,1.60,-0.34,31.05,42.31,19.76
2009-02-01,8,695,1.55,-0.81,36.77,48.51,25.03
2009-03-01,19,578,2.70,0.04,42.87,54.84,30.90
2009-04-01,30,334,2.83,0.41,50.92,63.41,38.41
2009-05-01,117,136,3.31,0.58,61.65,74.17,49.14
2009-06-01,221,43,3.01,0.68,68.54,80.56,56.48
2009-07-01,286,15,3.07,1.18,72.63,85.32,59.94
2009-08-01,303,14,2.69,1.42,71.89,84.60,59.18
2009-09-01,168,62,2.54,1.24,66.38,78.93,53.83
2009-10-01,47,333,4.29,3.41,50.50,60.89,40.10
2009-11-01,17,447,1.63,3.05,45.84,57.54,34.12
2009-12-01,7,873,3.08,4.16,29.64,38.98,20.30
2010-01-01,3,930,2.62,4.65,30.67,40.03,21.31
2010-02-01,2,811,2.01,4.30,31.80,41.16,22.44
2010-03-01,7,552,2.30,3.42,43.57,55.11,32.02
2010-04-01,35,272,2.38,2.73,53.24,66.15,40.33
2010-05-01,127,141,3.32,2.90,59.88,72.01,47.75
2010-06-01,282,31,3.49,3.03,70.48,82.58,58.39
2010-07-01,375,6,3.32,3.48,74.71,87.01,62.44
2010-08-01,351,9,2.51,3.12,74.05,86.83,61.27
2010-09-01,194,52,2.78,2.96,66.49,79.79,53.19
2010-10-01,53,238,1.97,2.36,56.14,69.44,42.84
2010-11-01,13,527,2.22,1.97,42.31,53.82,30.81
2010-12-01,2,904,2.45,1.72,32.47,42.03,22.91
2011-01-01,5,957,1.65,1.06,29.71,40.05,19.36
2011-02-01,8,744,1.98,1.02,33.04,44.42,21.67
2011-03-01,24,583,2.91,1.16,43.07,54.30,31.84
2011-04-01,53,315,3.42,1.85,51.96,64.20,39.72
2011-05-01,105,157,3.43,2.32,59.13,71.19,47.05
2011-06-01,259,38,2.58,-0.38,69.82,82.71,56.93
2011-07-01,404,7,2.44,-0.82,76.14,88.90,63.36
2011-08-01,349,9,2.34,-1.53,75.00,88.36,61.65
2011-09-01,174,57,2.48,-1.58,66.09,79.43,52.74
2011-10-01,48,257,2.14,-1.54,55.09,67.80,42.35
2011-11-01,17,473,2.47,-1.57,43.75,55.09,32.40
2011-12-01,10,727,2.26,-1.89,35.40,45.52,25.27
2012-01-01,11,765,2.09,-2.31,36.12,47.59,24.67
2012-02-01,12,632,1.85,-2.38,37.51,48.07,26.96
2012-03-01,48,381,2.87,-2.72,50.41,62.85,37.96
2012-04-01,47,293,2.23,-3.11,54.68,67.64,41.72
2012-05-01,154,98,2.50,-3.57,63.45,76.64,50.23
2012-06-01,232,31,2.24,-4.12,70.54,84.20,56.88
2012-07-01,401,4,2.51,-4.79,76.77,89.96,63.55
2012-08-01,327,8,2.47,-5.11,73.80,87.39,60.21
2012-09-01,172,60,2.34,-4.99,66.31,80.08,52.54
2012-10-01,53,263,2.23,-4.43,53.89,66.07,41.70
2012-11-01,12,543,1.32,-5.23,44.01,55.92,32.09
2012-12-01,10,702,2.88,-5.27,35.92,45.82,26.02
2013-01-01,14,833,2.37,-5.31,32.25,42.71,21.79
2013-02-01,10,738,2.02,-4.90,34.77,45.46,24.08
2013-03-01,10,664,1.72,-5.18,40.91,52.70,29.10
2013-04-01,32,349,2.90,0.58,49.68,62.06,37.26
2013-05-01,98,136,3.35,0.88,60.85,73.53,48.18
2013-06-01,243,26,3.34,1.08,70.39,82.99,57.78
2013-07-01,337,5,3.34,1.73,74.21,86.43,61.99
2013-08-01,286,11,2.56,1.69,72.99,85.39,60.58
2013-09-01,175,59,2.98,1.84,66.96,79.18,54.72
2013-10-01,54,259,2.23,1.85,53.44,65.32,41.54
2013-11-01,16,576,2.04,1.59,41.61,52.48,30.74
2013-12-01,12,835,2.21,1.43,31.06,41.52,20.61
2014-01-01,6,980,1.37,0.72,30.56,42.44,18.68
2014-02-01,11,807,2.25,1.00,32.13,43.02,21.24
2014-03-01,14,690,2.37,0.81,40.51,52.84,28.18
2014-04-01,35,328,2.88,1.06,51.69,64.56,38.80
2014-05-01,111,128,2.81,0.75,61.27,74.10,48.45
2014-06-01,240,27,3.67,1.33,69.58,81.81,57.36
2014-07-01,298,10,2.60,1.27,73.29,85.80,60.78
2014-08-01,289,13,3.13,1.79,72.25,84.22,60.26
2014-09-01,179,57,2.64,1.67,66.20,78.26,54.12
2014-10-01,71,222,2.42,1.53,56.93,69.39,44.46
2014-11-01,9,620,2.13,1.44,39.25,50.29,28.22
2014-12-01,9,712,2.58,1.42,36.81,45.34,28.26
2015-01-01,8,900,1.83,-0.15,33.08,43.27,22.89
2015-02-01,6,879,1.74,-0.29,32.99,44.40,21.58
2015-03-01,28,592,2.13,-1.06,45.39,57.76,33.03
2015-04-01,51,303,2.83,0.09,53.24,65.84,40.62
2015-05-01,123,119,4.44,1.47,60.84,72.54,49.12
2015-06-01,252,24,3.55,1.70,71.37,83.64,59.07
2015-07-01,333,6,3.23,2.23,73.92,85.96,61.84
2015-08-01,312,11,2.41,1.99,72.95,85.77,60.10
2015-09-01,220,31,2.12,1.09,68.54,81.30,55.74
2015-10-01,73,230,2.90,1.38,57.24,69.10,45.37
2015-11-01,27,448,3.35,2.09,44.60,55.22,33.96
2015-12-01,24,585,4.06,3.50,38.66,48.06,29.25
2016-01-01,6,881,2.04,3.60,32.22,41.86,22.59
2016-02-01,10,636,1.93,-0.31,39.47,50.81,28.11
2016-03-01,33,455,2.92,-0.48,47.50,59.47,35.51
2016-04-01,40,314,3.00,0.26,53.19,65.57,40.80
2016-05-01,94,152,3.07,0.40,60.33,72.50,48.15
2016-06-01,268,20,2.48,-0.70,71.76,84.92,58.60
2016-07-01,381,5,2.92,-0.82,75.22,87.91,62.53
2016-08-01,360,6,3.47,-0.09,73.53,85.80,61.23
2016-09-01,216,38,2.73,-0.07,67.12,79.39,54.84
2016-10-01,82,199,2.39,-0.17,57.72,69.89,45.55
2016-11-01,23,423,1.75,-1.18,47.97,59.56,36.36
2016-12-01,15,792,2.72,-1.40,32.95,42.64,23.27
2017-01-01,15,775,3.24,-0.91,33.57,42.78,24.35
2017-02-01,20,554,2.25,-0.92,41.18,52.14,30.20
2017-03-01,29,551,2.59,-1.23,46.15,57.81,34.48
2017-04-01,53,250,3.50,0.67,53.80,65.88,41.68
2017-05-01,102,156,3.36,1.00,60.57,73.26,47.86
2017-06-01,237,24,3.07,0.94,70.36,83.25,57.45
2017-07-01,359,5,2.80,0.89,75.70,88.56,62.85
2017-08-01,287,15,3.42,1.69,72.01,84.27,59.76
2017-09-01,180,44,2.27,-0.31,66.27,78.76,53.76
2017-10-01,74,194,2.60,0.30,55.69,68.45,42.93
2017-11-01,25,498,1.62,-0.72,45.03,56.17,33.87
2017-12-01,9,810,1.59,-1.54,34.29,44.83,23.74
2018-01-01,6,910,1.85,-2.30,32.16,43.16,21.16
2018-02-01,21,634,2.89,-1.66,35.51,46.67,24.37
2018-03-01,19,619,2.48,-1.66,42.73,54.01,31.44
2018-04-01,30,419,2.46,-1.26,49.03,61.84,36.19
2018-05-01,171,85,3.02,-1.70,65.52,78.40,52.61
2018-06-01,265,26,3.15,-1.64,71.55,84.16,58.93
2018-07-01,372,3,2.86,-1.80,75.45,88.23,62.67
2018-08-01,348,6,2.98,0.06,73.51,85.95,61.05
2018-09-01,226,37,3.57,0.80,67.53,79.36,55.71
2018-10-01,65,257,3.43,1.92,53.71,64.38,43.03
2018-11-01,15,603,2.71,2.56,40.01,50.16,29.86
2018-12-01,9,741,3.25,3.68,35.51,44.78,26.26
2019-01-01,7,873,2.56,4.16,32.56,42.30,22.84
2019-02-01,16,731,3.28,5.07,31.84,41.70,21.96
2019-03-01,16,644,2.24,4.36,40.28,51.39,29.19
2019-04-01,39,293,3.21,4.42,52.84,64.87,40.82
2019-05-01,124,160,4.47,5.54,59.49,70.86,48.11
2019-06-01,222,34,3.37,5.47,68.72,81.21,56.23
2019-07-01,370,5,2.76,5.22,74.62,87.10,62.13
2019-08-01,330,10,2.78,4.87,73.74,86.36,61.12
2019-09-01,237,41,2.45,4.00,68.43,80.60,56.26
2019-10-01,70,257,3.19,4.73,52.05,64.20,39.88
2019-11-01,13,600,1.94,4.35,41.11,52.30,29.89
2019-12-01,11,726,2.57,4.37,36.43,46.08,26.78
2020-01-01,13,750,2.74,4.78,35.55,45.03,26.06
2020-02-01,11,662,2.44,4.66,36.18,47.12,25.21
2020-03-01,40,492,2.86,-0.12,46.08,56.71,35.44
2020-04-01,39,367,2.52,0.08,50.88,63.63,38.12
2020-05-01,100,160,3.09,0.18,60.91,73.40,48.40
2020-06-01,242,25,2.73,-0.30,70.29,83.05,57.51
2020-07-01,394,4,2.94,-0.32,75.65,88.41,62.89
2020-08-01,351,7,2.43,-0.83,74.70,87.84,61.54
2020-09-01,174,59,2.44,-0.95,65.91,78.80,52.99
2020-10-01,77,252,2.18,-0.84,54.28,66.97,41.59
2020-11-01,28,428,1.94,-1.52,46.31,58.32,34.32
2020-12-01,5,761,2.06,-2.20,35.71,46.58,24.84
