,Cooling Degree Days,Precipitation,GDP_PCH,USPop,baseline,"PRICE RECEIVED, MEASURED IN $ / BU"
1950-01-01,23,3.36,1.2564633333333333,149877500.0,1.15,1.15
1950-02-01,11,2.23,1.2564633333333333,150095000.0,1.15,1.16
1950-03-01,12,2.49,1.2564633333333333,150312500.0,1.15,1.19
1950-04-01,21,2.08,1.1341466666666666,150530000.0,1.15,1.26
1950-05-01,106,2.88,1.1341466666666666,150747500.0,1.1549999999999998,1.34
1950-06-01,197,2.8,1.1341466666666666,150965000.0,1.1666666666666667,1.36
1950-07-01,263,3.86,2.0398333333333336,151182500.0,1.19,1.44
1950-08-01,238,2.55,2.0398333333333336,151400000.0,1.22,1.44
1950-09-01,125,2.69,2.0398333333333336,151617500.0,1.2433333333333334,1.44
1950-10-01,72,1.9,1.275556666666667,151835000.0,1.2714285714285716,1.37
1950-11-01,9,2.1,1.275556666666667,152052500.0,1.2925,1.37
1950-12-01,3,1.93,1.275556666666667,152270000.0,1.3088888888888888,1.45
1951-01-01,6,2.34,1.6726833333333333,152487500.0,1.315,1.54
1951-02-01,5,2.27,1.6726833333333333,152705000.0,1.32,1.6
1951-03-01,14,2.6,1.6726833333333333,152922500.0,1.330833333333333,1.6
1951-04-01,22,2.35,0.80258,153140000.0,1.3469230769230771,1.62
1951-05-01,95,2.37,0.80258,153357500.0,1.365,1.64
1951-06-01,194,3.44,0.80258,153575000.0,1.3806666666666667,1.62
1951-07-01,314,2.85,0.7066933333333334,153792500.0,1.395625,1.63
1951-08-01,287,2.61,0.7066933333333334,154010000.0,1.41,1.65
1951-09-01,155,2.57,0.7066933333333334,154227500.0,1.4216666666666666,1.65
1951-10-01,59,2.3,0.4546766666666667,154445000.0,1.4326315789473685,1.64
1951-11-01,7,2.43,0.4546766666666667,154662500.0,1.4435,1.61
1951-12-01,10,3.12,0.4546766666666667,154880000.0,1.4533333333333334,1.68
1952-01-01,14,2.44,0.34084,155102500.0,1.4618181818181817,1.68
1952-02-01,7,2.0,0.34084,155325000.0,1.4682608695652175,1.65
1952-03-01,14,2.93,0.34084,155547500.0,1.4770833333333335,1.65
1952-04-01,19,2.4,0.1120933333333333,155770000.0,1.4852,1.68
1952-05-01,96,2.69,0.1120933333333333,155992500.0,1.4915384615384617,1.7
1952-06-01,270,2.2,0.1120933333333333,156215000.0,1.4974074074074073,1.73
1952-07-01,355,2.39,0.6159233333333333,156437500.0,1.5039285714285715,1.73
1952-08-01,294,2.62,0.6159233333333333,156660000.0,1.5106896551724138,1.73
1952-09-01,152,1.53,0.6159233333333333,156882500.0,1.518,1.71
1952-10-01,37,0.54,1.1885566666666667,157105000.0,1.5248387096774192,1.53
1952-11-01,10,2.15,1.1885566666666667,157327500.0,1.53125,1.45
1952-12-01,4,2.45,1.1885566666666667,157550000.0,1.5366666666666666,1.5
1953-01-01,9,2.64,0.62743,157769166.66666666,1.5364705882352945,1.48
1953-02-01,7,2.06,0.62743,157988333.33333334,1.534,1.43
1953-03-01,25,2.61,0.62743,158207500.0,1.5330555555555554,1.46
1953-04-01,26,2.96,0.3238133333333333,158426666.66666666,1.5422222222222224,1.46
1953-05-01,118,3.26,0.3238133333333333,158645833.33333334,1.5497222222222222,1.49
1953-06-01,254,2.54,0.3238133333333333,158865000.0,1.5572222222222225,1.46
1953-07-01,330,2.65,-0.04918,159084166.66666666,1.5627777777777778,1.47
1953-08-01,279,2.29,-0.04918,159303333.33333334,1.5669444444444445,1.48
1953-09-01,161,1.5,-0.04918,159522500.0,1.5697222222222222,1.5
1953-10-01,51,1.51,-0.4432,159741666.66666666,1.5705555555555557,1.34
1953-11-01,10,1.79,-0.4432,159960833.33333334,1.5716666666666663,1.33
1953-12-01,6,2.5,-0.4432,160180000.0,1.5733333333333333,1.41
1954-01-01,9,2.54,-0.0539766666666666,160417500.0,1.5725,1.42
1954-02-01,10,1.49,-0.0539766666666666,160655000.0,1.5713888888888887,1.43
1954-03-01,10,2.16,-0.0539766666666666,160892500.0,1.570277777777778,1.44
1954-04-01,54,2.4,0.0671266666666666,161130000.0,1.5669444444444445,1.45
1954-05-01,67,2.69,0.0671266666666666,161367500.0,1.5622222222222222,1.47
1954-06-01,232,2.5,0.0671266666666666,161605000.0,1.5577777777777777,1.49
1954-07-01,349,2.01,0.4208533333333333,161842500.0,1.5530555555555556,1.5
1954-08-01,288,2.52,0.4208533333333333,162080000.0,1.5483333333333331,1.53
1954-09-01,189,1.95,0.4208533333333333,162317500.0,1.544722222222222,1.53
1954-10-01,55,2.35,0.7449366666666667,162555000.0,1.541111111111111,1.45
1954-11-01,9,1.54,0.7449366666666667,162792500.0,1.5377777777777777,1.37
1954-12-01,3,2.0,0.7449366666666667,163030000.0,1.5344444444444445,1.39
1955-01-01,5,1.69,1.112323333333333,163271666.66666666,1.5291666666666668,1.4
1955-02-01,6,2.22,1.112323333333333,163513333.33333334,1.5225,1.4
1955-03-01,19,1.98,1.112323333333333,163755000.0,1.5144444444444445,1.36
1955-04-01,44,2.49,0.6826066666666667,163996666.66666666,1.5066666666666666,1.36
1955-05-01,119,2.92,0.6826066666666667,164238333.33333334,1.4997222222222222,1.4
1955-06-01,155,2.47,0.6826066666666667,164480000.0,1.4916666666666667,1.4
1955-07-01,362,2.92,0.6870966666666667,164721666.66666666,1.4827777777777778,1.4
1955-08-01,337,2.74,0.6870966666666667,164963333.33333334,1.4744444444444444,1.3
1955-09-01,175,2.11,0.6870966666666667,165205000.0,1.4652777777777777,1.24
1955-10-01,46,2.04,0.5323633333333333,165446666.66666666,1.456111111111111,1.14
1955-11-01,10,1.92,0.5323633333333333,165688333.33333334,1.4441666666666668,1.09
1955-12-01,6,2.24,0.5323633333333333,165930000.0,1.431111111111111,1.15
1956-01-01,3,2.27,0.2023966666666666,166177500.0,1.4202777777777778,1.16
1956-02-01,11,2.62,0.2023966666666666,166425000.0,1.410277777777778,1.18
1956-03-01,13,1.82,0.2023966666666666,166672500.0,1.4005555555555556,1.2
1956-04-01,23,2.07,0.47482,166920000.0,1.3916666666666666,1.32
1956-05-01,115,2.6,0.47482,167167500.0,1.384722222222222,1.39
1956-06-01,225,2.21,0.47482,167415000.0,1.3775,1.42
1956-07-01,292,2.78,0.38721,167662500.0,1.3736111111111111,1.43
1956-08-01,279,2.21,0.38721,167910000.0,1.3708333333333331,1.45
1956-09-01,148,1.44,0.38721,168157500.0,1.3697222222222225,1.43
1956-10-01,60,2.0,0.6850033333333333,168405000.0,1.3686111111111112,1.19
1956-11-01,8,1.36,0.6850033333333333,168652500.0,1.3677777777777775,1.21
1956-12-01,10,2.0,0.6850033333333333,168900000.0,1.3658333333333332,1.22
1957-01-01,11,2.13,0.6743933333333333,169156666.66666666,1.3616666666666668,1.23
1957-02-01,16,2.08,0.6743933333333333,169413333.33333334,1.3583333333333334,1.19
1957-03-01,11,2.51,0.6743933333333333,169670000.0,1.3530555555555557,1.2
1957-04-01,32,3.65,0.1593666666666666,169926666.66666666,1.3477777777777775,1.21
1957-05-01,96,4.24,0.1593666666666666,170183333.33333334,1.341111111111111,1.23
1957-06-01,233,3.65,0.1593666666666666,170440000.0,1.3344444444444443,1.22
1957-07-01,328,2.28,0.52716,170696666.66666666,1.3277777777777775,1.23
1957-08-01,265,2.19,0.52716,170953333.33333334,1.321111111111111,1.23
1957-09-01,149,2.86,0.52716,171210000.0,1.313611111111111,1.15
1957-10-01,29,2.76,-0.3215933333333333,171466666.66666666,1.3061111111111112,1.06
1957-11-01,13,3.12,-0.3215933333333333,171723333.33333334,1.2977777777777777,0.985
1957-12-01,5,2.4,-0.3215933333333333,171980000.0,1.2872222222222225,0.984
1958-01-01,2,2.29,-0.5141133333333333,172221666.66666666,1.2763888888888888,0.931
1958-02-01,1,2.43,-0.5141133333333333,172463333.33333334,1.2656944444444445,0.958
1958-03-01,7,2.66,-0.5141133333333333,172705000.0,1.2544166666666667,1.0
1958-04-01,27,3.05,0.3164066666666666,172946666.66666666,1.2413888888888889,1.12
1958-05-01,102,2.46,0.3164066666666666,173188333.33333334,1.2291111111111113,1.15
1958-06-01,187,3.2,0.3164066666666666,173430000.0,1.2191111111111113,1.19
1958-07-01,308,3.86,0.97907,173671666.66666666,1.2124444444444444,1.18
1958-08-01,296,2.4,0.97907,173913333.33333334,1.2054999999999998,1.18
1958-09-01,161,2.82,0.97907,174155000.0,1.1996666666666669,1.13
1958-10-01,47,1.53,0.94091,174396666.66666666,1.1935555555555557,1.04
1958-11-01,18,2.21,0.94091,174638333.33333334,1.1902222222222223,0.942
1958-12-01,5,1.32,0.94091,174880000.0,1.1871666666666667,1.02
1959-01-01,5,2.19,0.7189733333333334,175125833.33333334,1.184388888888889,1.03
1959-02-01,12,2.35,0.7189733333333334,175371666.66666666,1.1802777777777775,1.04
1959-03-01,11,2.14,0.7189733333333334,175617500.0,1.1766666666666667,1.06
1959-04-01,30,2.14,0.8049033333333333,175863333.33333334,1.1730555555555555,1.13
1959-05-01,127,3.2,0.8049033333333333,176109166.66666666,1.169166666666667,1.16
1959-06-01,221,2.62,0.8049033333333333,176355000.0,1.165277777777778,1.16
1959-07-01,319,2.94,0.1518533333333333,176600833.33333334,1.16,1.13
1959-08-01,328,2.76,0.1518533333333333,176846666.66666666,1.1536111111111111,1.13
1959-09-01,169,2.82,0.1518533333333333,177092500.0,1.146388888888889,1.09
1959-10-01,61,3.5,0.2263966666666666,177338333.33333334,1.1380555555555556,0.991
1959-11-01,11,1.72,0.2263966666666666,177584166.66666666,1.1291666666666669,0.988
1959-12-01,5,2.22,0.2263966666666666,177830000.0,1.1197222222222225,0.978
1960-01-01,6,2.26,0.8858633333333333,178066666.66666666,1.1141944444444445,0.999
1960-02-01,4,2.59,0.8858633333333333,178303333.33333334,1.1080277777777778,1.01
1960-03-01,6,2.12,0.8858633333333333,178540000.0,1.1013055555555555,1.02
1960-04-01,36,2.15,-0.0963166666666666,178776666.66666666,1.0948888888888888,1.06
1960-05-01,76,2.87,-0.0963166666666666,179013333.33333334,1.089888888888889,1.08
1960-06-01,212,2.69,-0.0963166666666666,179250000.0,1.0848888888888888,1.09
1960-07-01,298,2.68,0.2787033333333333,179486666.66666666,1.080722222222222,1.09
1960-08-01,291,2.83,0.2787033333333333,179723333.33333334,1.0765555555555557,1.07
1960-09-01,173,2.21,0.2787033333333333,179960000.0,1.0729444444444445,1.06
1960-10-01,57,2.4,-0.3303366666666666,180196666.66666663,1.0690555555555554,0.992
1960-11-01,15,2.05,-0.3303366666666666,180433333.3333333,1.0646111111111112,0.902
1960-12-01,3,1.9,-0.3303366666666666,180670000.0,1.0621111111111112,0.919
1961-01-01,3,1.48,0.2974833333333333,180921666.66666663,1.0602222222222222,0.97
1961-02-01,8,2.78,0.2974833333333333,181173333.3333333,1.0579166666666666,1.01
1961-03-01,21,3.16,0.2974833333333333,181425000.0,1.0561111111111112,1.01
1961-04-01,20,2.3,0.6438333333333334,181676666.66666663,1.0571944444444443,0.968
1961-05-01,75,2.88,0.6438333333333334,181928333.3333333,1.058638888888889,1.02
1961-06-01,190,2.92,0.6438333333333334,182180000.0,1.0589166666666665,1.03
1961-07-01,300,3.11,0.7271533333333333,182431666.66666663,1.0546944444444444,1.05
1961-08-01,277,2.62,0.7271533333333333,182683333.3333333,1.0510833333333334,1.04
1961-09-01,174,2.94,0.7271533333333333,182935000.0,1.046638888888889,1.04
1961-10-01,43,1.78,0.76031,183186666.66666663,1.0430277777777777,1.02
1961-11-01,12,2.59,0.76031,183438333.3333333,1.0391388888888888,0.992
1961-12-01,6,2.69,0.76031,183690000.0,1.0366388888888889,0.994
1962-01-01,6,2.21,0.7693599999999999,183927500.0,1.0360833333333332,0.993
1962-02-01,14,2.55,0.7693599999999999,184165000.0,1.0374722222222224,0.996
1962-03-01,8,2.15,0.7693599999999999,184402500.0,1.03675,1.0
1962-04-01,26,2.1,0.3565033333333333,184640000.0,1.0357222222222222,1.02
1962-05-01,142,2.69,0.3565033333333333,184877500.0,1.0345,1.04
1962-06-01,198,3.21,0.3565033333333333,185115000.0,1.0328333333333335,1.04
1962-07-01,275,2.91,0.4808733333333333,185352500.0,1.029777777777778,1.05
1962-08-01,284,2.04,0.4808733333333333,185590000.0,1.0264444444444445,1.03
1962-09-01,137,2.78,0.4808733333333333,185827500.0,1.023111111111111,1.04
1962-10-01,61,2.33,0.1780433333333333,186065000.0,1.0208888888888887,1.03
1962-11-01,7,2.05,0.1780433333333333,186302500.0,1.0181111111111112,0.987
1962-12-01,2,1.58,0.1780433333333333,186540000.0,1.016722222222222,1.04
1963-01-01,4,1.57,0.5113133333333334,186765000.0,1.0178055555555554,1.07
1963-02-01,4,1.73,0.5113133333333334,186990000.0,1.017777777777778,1.09
1963-03-01,22,2.47,0.5113133333333334,187215000.0,1.0195,1.1
1963-04-01,43,2.3,0.43324,187440000.0,1.0214722222222223,1.1
1963-05-01,98,2.36,0.43324,187665000.0,1.0236944444444445,1.11
1963-06-01,207,2.94,0.43324,187890000.0,1.0259166666666666,1.16
1963-07-01,302,2.69,0.77766,188115000.0,1.0270277777777777,1.19
1963-08-01,264,2.33,0.77766,188340000.0,1.0278611111111111,1.19
1963-09-01,152,2.21,0.77766,188565000.0,1.0298055555555556,1.21
1963-10-01,74,0.96,0.4910699999999999,188790000.0,1.0325833333333334,1.11
1963-11-01,11,2.66,0.4910699999999999,189015000.0,1.0359166666666666,1.05
1963-12-01,1,1.48,0.4910699999999999,189240000.0,1.0400833333333332,1.09
1964-01-01,5,2.43,0.80966,189460833.3333333,1.0433611111111112,1.12
1964-02-01,3,1.56,0.80966,189681666.66666663,1.0474722222222224,1.11
1964-03-01,14,2.83,0.80966,189902500.0,1.0522222222222222,1.13
1964-04-01,38,3.29,0.4405166666666666,190123333.3333333,1.0563888888888888,1.15
1964-05-01,113,2.25,0.4405166666666666,190344166.66666663,1.0591666666666668,1.17
1964-06-01,209,2.81,0.4405166666666666,190565000.0,1.0625,1.16
1964-07-01,322,2.61,0.6560333333333334,190785833.3333333,1.0675555555555556,1.12
1964-08-01,252,2.87,0.6560333333333334,191006666.66666663,1.0717222222222222,1.12
1964-09-01,141,2.54,0.6560333333333334,191227500.0,1.0753333333333337,1.17
1964-10-01,40,1.36,0.25471,191448333.3333333,1.0772777777777778,1.13
1964-11-01,17,2.38,0.25471,191669166.66666663,1.0795,1.07
1964-12-01,8,3.33,0.25471,191890000.0,1.0831111111111111,1.16
1965-01-01,7,2.34,0.9785566666666666,192090833.3333333,1.0861666666666667,1.18
1965-02-01,7,2.16,0.9785566666666666,192291666.66666663,1.0883333333333334,1.2
1965-03-01,10,2.16,0.9785566666666666,192492500.0,1.0929444444444445,1.21
1965-04-01,42,2.52,0.5758866666666667,192693333.3333333,1.0981388888888888,1.23
1965-05-01,123,2.71,0.5758866666666667,192894166.66666663,1.1038055555555557,1.26
1965-06-01,173,3.24,0.5758866666666667,193095000.0,1.109638888888889,1.25
1965-07-01,278,2.73,0.87338,193295833.3333333,1.1154722222222222,1.22
1965-08-01,268,2.8,0.87338,193496666.66666663,1.1215833333333334,1.18
1965-09-01,149,3.53,0.87338,193697500.0,1.1274166666666667,1.18
1965-10-01,45,1.45,1.0024166666666667,193898333.3333333,1.132138888888889,1.1
1965-11-01,20,2.0,1.0024166666666667,194099166.66666663,1.1363055555555557,1.04
1965-12-01,6,2.16,1.0024166666666667,194300000.0,1.1401944444444445,1.13
1966-01-01,4,2.36,1.03115,194488333.3333333,1.142138888888889,1.19
1966-02-01,5,2.34,1.03115,194676666.66666663,1.1436111111111111,1.2
1966-03-01,11,1.61,1.03115,194865000.0,1.146111111111111,1.17
1966-04-01,29,2.49,0.3873566666666666,195053333.3333333,1.1494444444444445,1.19
1966-05-01,85,2.24,0.3873566666666666,195241666.66666663,1.1525,1.21
1966-06-01,192,2.24,0.3873566666666666,195430000.0,1.1544444444444446,1.2
1966-07-01,344,2.41,0.60693,195618333.3333333,1.1569444444444443,1.27
1966-08-01,266,3.11,0.60693,195806666.66666663,1.1597222222222223,1.34
1966-09-01,130,2.44,0.60693,195995000.0,1.1608333333333334,1.35
1966-10-01,41,1.67,0.5556933333333333,196183333.3333333,1.1630555555555555,1.29
1966-11-01,12,2.01,0.5556933333333333,196371666.66666663,1.1672222222222224,1.26
1966-12-01,4,2.54,0.5556933333333333,196560000.0,1.1711111111111112,1.29
1967-01-01,8,2.15,0.4347366666666667,196739166.66666663,1.176111111111111,1.28
1967-02-01,5,1.42,0.4347366666666667,196918333.3333333,1.1819444444444445,1.26
1967-03-01,24,1.92,0.4347366666666667,197097500.0,1.1875,1.28
1967-04-01,49,2.67,0.19005,197276666.66666663,1.1919444444444445,1.26
1967-05-01,75,2.96,0.19005,197455833.3333333,1.196111111111111,1.25
1967-06-01,199,3.58,0.19005,197635000.0,1.2002777777777778,1.26
1967-07-01,277,2.89,0.6380166666666667,197814166.66666663,1.2033333333333331,1.21
1967-08-01,250,2.51,0.6380166666666667,197993333.3333333,1.2055555555555555,1.11
1967-09-01,116,2.49,0.6380166666666667,198172500.0,1.2083333333333333,1.12
1967-10-01,42,2.34,0.62434,198351666.66666663,1.2108333333333334,1.04
1967-11-01,13,1.61,0.62434,198530833.3333333,1.2105555555555556,0.975
1967-12-01,9,3.06,0.62434,198710000.0,1.2091666666666667,1.03
1968-01-01,5,2.17,1.0569066666666669,198876666.66666663,1.2066666666666666,1.04
1968-02-01,2,1.48,1.0569066666666669,199043333.3333333,1.2040277777777777,1.06
1968-03-01,8,2.16,1.0569066666666669,199210000.0,1.200416666666667,1.06
1968-04-01,33,2.46,0.9147933333333332,199376666.66666663,1.196527777777778,1.06
1968-05-01,78,3.33,0.9147933333333332,199543333.3333333,1.192638888888889,1.09
1968-06-01,200,3.12,0.9147933333333332,199710000.0,1.1884722222222222,1.07
1968-07-01,300,2.77,0.58797,199876666.66666663,1.18375,1.04
1968-08-01,282,2.88,0.58797,200043333.3333333,1.1790277777777778,0.986
1968-09-01,138,2.31,0.58797,200210000.0,1.174027777777778,1.01
1968-10-01,49,2.07,0.60316,200376666.66666663,1.1690277777777778,0.962
1968-11-01,7,2.82,0.60316,200543333.3333333,1.163638888888889,1.04
1968-12-01,3,2.82,0.60316,200710000.0,1.1589166666666666,1.05
1969-01-01,6,3.01,0.8714266666666667,200874166.66666663,1.1550833333333332,1.08
1969-02-01,3,2.23,0.8714266666666667,201038333.3333333,1.1550833333333332,1.09
1969-03-01,4,1.89,0.8714266666666667,201202500.0,1.1528611111111111,1.09
1969-04-01,34,2.6,0.5262733333333333,201366666.66666663,1.1498055555555555,1.12
1969-05-01,94,2.66,0.5262733333333333,201530833.3333333,1.14675,1.19
1969-06-01,196,3.31,0.5262733333333333,201695000.0,1.1445277777777778,1.18
1969-07-01,330,3.09,0.6916266666666666,201859166.66666663,1.1425833333333335,1.18
1969-08-01,295,2.31,0.6916266666666666,202023333.3333333,1.142027777777778,1.18
1969-09-01,148,2.3,0.6916266666666666,202187500.0,1.1414722222222222,1.15
1969-10-01,47,2.7,0.2650933333333333,202351666.66666663,1.1389722222222225,1.12
1969-11-01,8,1.59,0.2650933333333333,202515833.3333333,1.1345277777777778,1.07
1969-12-01,4,2.94,0.2650933333333333,202680000.0,1.1289722222222225,1.09
1970-01-01,2,2.09,0.4191133333333333,202877500.0,1.12425,1.12
1970-02-01,3,1.63,0.4191133333333333,203075000.0,1.1189722222222225,1.14
1970-03-01,10,2.68,0.4191133333333333,203272500.0,1.1134166666666667,1.13
1970-04-01,37,2.78,0.5129066666666667,203470000.0,1.1089722222222222,1.15
1970-05-01,103,2.61,0.5129066666666667,203667500.0,1.105638888888889,1.18
1970-06-01,195,2.77,0.5129066666666667,203865000.0,1.1014722222222224,1.21
1970-07-01,317,2.41,0.5834866666666666,204062500.0,1.0984166666666668,1.24
1970-08-01,304,2.37,0.5834866666666666,204260000.0,1.0964722222222223,1.27
1970-09-01,178,3.06,0.5834866666666666,204457500.0,1.0950833333333334,1.38
1970-10-01,45,2.88,0.0782333333333333,204655000.0,1.0959166666666669,1.34
1970-11-01,6,2.2,0.0782333333333333,204852500.0,1.1003611111111111,1.29
1970-12-01,9,2.22,0.0782333333333333,205050000.0,1.1075833333333334,1.36
1971-01-01,7,2.03,1.4253066666666667,205267500.0,1.115916666666667,1.42
1971-02-01,7,2.37,1.4253066666666667,205485000.0,1.1246666666666667,1.43
1971-03-01,10,2.08,1.4253066666666667,205702500.0,1.1338333333333332,1.43
1971-04-01,23,1.86,0.6200333333333333,205920000.0,1.144388888888889,1.41
1971-05-01,71,2.92,0.6200333333333333,206137500.0,1.1546666666666665,1.38
1971-06-01,235,2.53,0.6200333333333333,206355000.0,1.1649444444444446,1.43
1971-07-01,285,3.0,0.61704,206572500.0,1.1746666666666667,1.36
1971-08-01,262,2.75,0.61704,206790000.0,1.182722222222222,1.19
1971-09-01,173,2.83,0.61704,207007500.0,1.192722222222222,1.11
1971-10-01,69,2.73,0.3572566666666666,207225000.0,1.201611111111111,1.0
1971-11-01,13,2.03,0.3572566666666666,207442500.0,1.207277777777778,0.974
1971-12-01,16,3.2,0.3572566666666666,207660000.0,1.2100555555555557,1.08
1972-01-01,14,2.33,1.1289066666666667,207846666.66666663,1.2111111111111112,1.09
1972-02-01,6,1.8,1.1289066666666667,208033333.3333333,1.2092777777777777,1.09
1972-03-01,22,2.13,1.1289066666666667,208220000.0,1.2101111111111111,1.1
1972-04-01,37,2.26,0.9686266666666666,208406666.66666663,1.2103888888888887,1.13
1972-05-01,88,2.95,0.9686266666666666,208593333.3333333,1.2103888888888887,1.15
1972-06-01,173,3.1,0.9686266666666666,208780000.0,1.2106666666666666,1.13
1972-07-01,295,2.93,0.6369133333333333,208966666.66666663,1.2109444444444444,1.14
1972-08-01,269,2.64,0.6369133333333333,209153333.3333333,1.209833333333333,1.15
1972-09-01,165,2.74,0.6369133333333333,209340000.0,1.2084444444444449,1.22
1972-10-01,44,2.75,0.99021,209526666.66666663,1.2073333333333334,1.19
1972-11-01,10,3.05,0.99021,209713333.3333333,1.2065,1.2
1972-12-01,8,3.02,0.99021,209900000.0,1.2084444444444444,1.42
1973-01-01,6,2.48,1.2187,210067500.0,1.2103888888888887,1.39
1973-02-01,3,1.96,1.2187,210235000.0,1.214,1.35
1973-03-01,24,4.0,1.2187,210402500.0,1.2231666666666667,1.37
1973-04-01,18,3.33,0.8807566666666666,210570000.0,1.2306666666666668,1.42
1973-05-01,78,3.03,0.8807566666666666,210737500.0,1.2365,1.61
1973-06-01,228,3.05,0.8807566666666666,210905000.0,1.2431666666666668,1.99
1973-07-01,313,2.96,0.4703566666666667,211072500.0,1.2506666666666666,2.03
1973-08-01,293,2.06,0.4703566666666667,211240000.0,1.2626111111111111,2.68
1973-09-01,163,3.46,0.4703566666666667,211407500.0,1.2842777777777776,2.15
1973-10-01,61,2.37,0.9868866666666666,211575000.0,1.3062222222222222,2.17
1973-11-01,22,3.17,0.9868866666666666,211742500.0,1.3453888888888887,2.18
1973-12-01,4,3.09,0.9868866666666666,211910000.0,1.366777777777778,2.39
1974-01-01,20,3.15,0.33688,212071666.66666663,1.3898333333333333,2.59
1974-02-01,6,1.68,0.33688,212233333.3333333,1.4145555555555556,2.76
1974-03-01,29,2.63,0.33688,212395000.0,1.4431666666666667,2.68
1974-04-01,30,2.55,0.8683566666666667,212556666.66666663,1.475666666666667,2.41
1974-05-01,106,3.07,0.8683566666666667,212718333.3333333,1.5126111111111111,2.45
1974-06-01,172,2.64,0.8683566666666667,212880000.0,1.5473333333333334,2.57
1974-07-01,311,2.14,0.6529166666666667,213041666.66666663,1.575111111111111,2.91
1974-08-01,260,3.43,0.6529166666666667,213203333.3333333,1.6048333333333331,3.37
1974-09-01,120,2.72,0.6529166666666667,213365000.0,1.6365,3.3
1974-10-01,39,2.01,0.8472733333333333,213526666.66666663,1.6795555555555557,3.45
1974-11-01,10,2.18,0.8472733333333333,213688333.3333333,1.7401111111111112,3.32
1974-12-01,5,2.42,0.8472733333333333,213850000.0,1.8009444444444445,3.27
1975-01-01,12,2.61,0.3425066666666667,214026666.66666663,1.869,3.07
1975-02-01,11,2.61,0.3425066666666667,214203333.3333333,1.9341666666666664,2.86
1975-03-01,14,3.4,0.3425066666666667,214380000.0,1.995,2.67
1975-04-01,26,2.67,0.7370966666666666,214556666.66666663,2.0500000000000003,2.68
1975-05-01,117,3.28,0.7370966666666666,214733333.3333333,2.099166666666667,2.66
1975-06-01,200,3.31,0.7370966666666666,214910000.0,2.142777777777778,2.68
1975-07-01,295,2.97,1.1697366666666666,215086666.66666663,2.185833333333333,2.72
1975-08-01,289,2.83,1.1697366666666666,215263333.3333333,2.2277777777777774,2.95
1975-09-01,122,2.66,1.1697366666666666,215440000.0,2.270833333333333,2.76
1975-10-01,52,2.3,1.013966666666667,215616666.66666663,2.314722222222222,2.62
1975-11-01,12,2.28,1.013966666666667,215793333.3333333,2.3647222222222224,2.33
1975-12-01,5,2.11,1.013966666666667,215970000.0,2.4075,2.37
1976-01-01,4,1.76,1.1097533333333334,216142500.0,2.447222222222222,2.44
1976-02-01,10,1.89,1.1097533333333334,216315000.0,2.4786111111111118,2.48
1976-03-01,23,2.57,1.1097533333333334,216487500.0,2.5050000000000003,2.5
1976-04-01,28,2.29,0.5830866666666666,216660000.0,2.5341666666666667,2.46
1976-05-01,68,2.93,0.5830866666666666,216832500.0,2.565555555555556,2.61
1976-06-01,201,2.77,0.5830866666666666,217005000.0,2.5969444444444445,2.74
1976-07-01,281,2.74,0.6159066666666667,217177500.0,2.625833333333333,2.82
1976-08-01,239,2.0,0.6159066666666667,217350000.0,2.653611111111111,2.64
1976-09-01,125,2.45,0.6159066666666667,217522500.0,2.6744444444444446,2.6
1976-10-01,25,2.44,0.84307,217695000.0,2.6963888888888885,2.33
1976-11-01,8,1.11,0.84307,217867500.0,2.6952777777777777,2.02
1976-12-01,4,1.36,0.84307,218040000.0,2.7077777777777774,2.24
1977-01-01,1,1.58,0.9370433333333332,218223333.3333333,2.712222222222222,2.34
1977-02-01,4,1.23,0.9370433333333332,218406666.66666663,2.707777777777778,2.34
1977-03-01,22,3.1,0.9370433333333332,218590000.0,2.703611111111111,2.35
1977-04-01,35,2.27,1.1274166666666667,218773333.3333333,2.6966666666666668,2.31
1977-05-01,119,2.67,1.1274166666666667,218956666.66666663,2.6850000000000005,2.25
1977-06-01,213,2.49,1.1274166666666667,219140000.0,2.6758333333333333,2.12
1977-07-01,347,2.56,1.0143766666666667,219323333.3333333,2.6730555555555555,1.88
1977-08-01,292,3.55,1.0143766666666667,219506666.66666663,2.6675,1.63
1977-09-01,179,3.22,1.0143766666666667,219690000.0,2.655,1.6
1977-10-01,43,2.19,0.7205966666666667,219873333.3333333,2.6263888888888887,1.67
1977-11-01,16,2.86,0.7205966666666667,220056666.66666663,2.578055555555556,1.88
1977-12-01,5,2.72,0.7205966666666667,220240000.0,2.5308333333333333,1.97
1978-01-01,2,3.18,0.59281,220435000.0,2.481388888888889,2.0
1978-02-01,1,1.77,0.59281,220630000.0,2.441388888888889,2.03
1978-03-01,10,2.26,0.59281,220825000.0,2.405277777777778,2.15
1978-04-01,32,2.54,1.950173333333333,221020000.0,2.375555555555556,2.24
1978-05-01,96,3.64,1.950173333333333,221215000.0,2.3525,2.29
1978-06-01,216,2.55,1.950173333333333,221410000.0,2.338055555555555,2.28
1978-07-01,311,2.75,0.90666,221605000.0,2.3258333333333336,2.16
1978-08-01,295,2.77,0.90666,221800000.0,2.315555555555556,2.01
1978-09-01,176,2.44,0.90666,221995000.0,2.304444444444444,1.98
1978-10-01,51,1.11,1.1397933333333332,222190000.0,2.288888888888889,1.97
1978-11-01,20,2.6,1.1397933333333332,222385000.0,2.2627777777777776,2.02
1978-12-01,9,2.53,1.1397933333333332,222580000.0,2.2411111111111115,2.09
1979-01-01,4,3.31,0.66831,222786666.66666663,2.223055555555556,2.11
1979-02-01,4,2.6,0.66831,222993333.3333333,2.214444444444444,2.18
1979-03-01,14,2.8,0.66831,223200000.0,2.2066666666666666,2.22
1979-04-01,33,3.07,0.85275,223406666.66666663,2.1975,2.27
1979-05-01,83,3.23,0.85275,223613333.3333333,2.189166666666667,2.35
1979-06-01,184,2.54,0.85275,223820000.0,2.181388888888889,2.49
1979-07-01,293,3.3,0.98174,224026666.66666663,2.176111111111111,2.64
1979-08-01,261,2.99,0.98174,224233333.3333333,2.1688888888888886,2.54
1979-09-01,156,2.51,0.98174,224440000.0,2.1619444444444444,2.51
1979-10-01,52,2.2,0.7037366666666666,224646666.66666663,2.156944444444445,2.41
1979-11-01,12,2.34,0.7037366666666666,224853333.3333333,2.154166666666667,2.27
1979-12-01,6,1.86,0.7037366666666666,225060000.0,2.151666666666667,2.38
1980-01-01,7,2.65,0.80717,225240000.0,2.1538888888888885,2.45
1980-02-01,3,1.92,0.80717,225420000.0,2.160833333333333,2.39
1980-03-01,14,3.39,0.80717,225600000.0,2.164722222222222,2.4
1980-04-01,23,2.38,0.0897299999999999,225780000.0,2.167777777777778,2.36
1980-05-01,96,3.09,0.0897299999999999,225960000.0,2.169166666666667,2.42
1980-06-01,199,2.31,0.0897299999999999,226140000.0,2.170555555555556,2.49
1980-07-01,372,1.97,0.7046066666666667,226320000.0,2.171944444444444,2.73
1980-08-01,338,2.57,0.7046066666666667,226500000.0,2.1766666666666667,2.92
1980-09-01,190,2.79,0.7046066666666667,226680000.0,2.1869444444444444,3.01
1980-10-01,41,1.87,1.50621,226860000.0,2.210555555555556,2.99
1980-11-01,11,1.76,1.50621,227040000.0,2.246388888888889,3.1
1980-12-01,4,1.57,1.50621,227220000.0,2.285555555555556,3.19
1981-01-01,2,0.98,1.5479966666666665,227407500.0,2.322222222222222,3.19
1981-02-01,6,2.17,1.5479966666666665,227595000.0,2.356111111111111,3.22
1981-03-01,10,2.21,1.5479966666666665,227782500.0,2.39,3.25
1981-04-01,52,2.19,0.4089133333333333,227970000.0,2.4230555555555555,3.24
1981-05-01,77,3.55,0.4089133333333333,228157500.0,2.456111111111112,3.24
1981-06-01,253,3.41,0.4089133333333333,228345000.0,2.486666666666667,3.17
1981-07-01,330,3.09,1.03374,228532500.0,2.5144444444444445,3.14
1981-08-01,272,2.76,1.03374,228720000.0,2.540833333333333,2.87
1981-09-01,137,2.08,1.03374,228907500.0,2.565555555555556,2.55
1981-10-01,43,3.1,0.2065966666666666,229095000.0,2.5927777777777776,2.45
1981-11-01,12,2.01,0.2065966666666666,229282500.0,2.6166666666666667,2.34
1981-12-01,4,2.41,0.2065966666666666,229470000.0,2.6325,2.39
1982-01-01,6,2.84,-0.0662033333333333,229652500.0,2.645833333333333,2.54
1982-02-01,11,2.23,-0.0662033333333333,229835000.0,2.6547222222222224,2.44
1982-03-01,22,2.51,-0.0662033333333333,230017500.0,2.663055555555556,2.46
1982-04-01,28,2.52,0.5870966666666667,230200000.0,2.675,2.55
1982-05-01,114,3.42,0.5870966666666667,230382500.0,2.6822222222222223,2.6
1982-06-01,166,3.31,0.5870966666666667,230565000.0,2.6888888888888887,2.57
1982-07-01,313,2.95,0.34364,230747500.0,2.6966666666666668,2.5
1982-08-01,261,2.55,0.34364,230930000.0,2.7036111111111114,2.3
1982-09-01,138,2.45,0.34364,231112500.0,2.705833333333333,2.15
1982-10-01,44,2.33,0.35884,231295000.0,2.7019444444444445,1.98
1982-11-01,16,2.99,0.35884,231477500.0,2.6952777777777777,2.13
1982-12-01,11,3.76,0.35884,231660000.0,2.685277777777778,2.26
1983-01-01,5,2.08,0.6941033333333334,231837500.0,2.673333333333334,2.36
1983-02-01,5,2.68,0.6941033333333334,232015000.0,2.6694444444444447,2.56
1983-03-01,9,3.7,0.6941033333333334,232192500.0,2.666111111111111,2.71
1983-04-01,14,3.2,1.01183,232370000.0,2.663611111111111,2.95
1983-05-01,75,3.47,1.01183,232547500.0,2.668333333333333,3.03
1983-06-01,188,2.95,1.01183,232725000.0,2.676944444444445,3.04
1983-07-01,344,2.08,1.02762,232902500.0,2.6933333333333334,3.13
1983-08-01,353,2.37,1.02762,233080000.0,2.710277777777778,3.35
1983-09-01,167,2.26,1.02762,233257500.0,2.725555555555556,3.32
1983-10-01,56,2.61,0.9534833333333332,233435000.0,2.7366666666666664,3.15
1983-11-01,13,3.92,0.9534833333333332,233612500.0,2.748611111111112,3.17
1983-12-01,6,3.44,0.9534833333333332,233790000.0,2.757222222222222,3.15
1984-01-01,4,1.35,0.9956666666666668,233959166.66666663,2.7616666666666667,3.15
1984-02-01,6,2.11,0.9956666666666668,234128333.3333333,2.7636111111111115,3.11
1984-03-01,14,2.75,0.9956666666666668,234297500.0,2.7625,3.21
1984-04-01,25,2.95,0.8661333333333333,234466666.66666663,2.761388888888889,3.32
1984-05-01,96,3.15,0.8661333333333333,234635833.3333333,2.7583333333333333,3.34
1984-06-01,229,2.93,0.8661333333333333,234805000.0,2.757222222222222,3.36
1984-07-01,292,2.83,0.6205866666666667,234974166.66666663,2.7594444444444446,3.3
1984-08-01,307,2.43,0.6205866666666667,235143333.3333333,2.7622222222222224,3.12
1984-09-01,142,1.91,0.6205866666666667,235312500.0,2.7675,2.9
1984-10-01,66,3.65,0.5247866666666666,235481666.66666663,2.7719444444444448,2.65
1984-11-01,10,2.85,0.5247866666666666,235650833.3333333,2.7788888888888885,2.55
1984-12-01,15,2.49,0.5247866666666666,235820000.0,2.788611111111111,2.56
1985-01-01,2,1.42,0.6557866666666666,235995000.0,2.794166666666667,2.64
1985-02-01,6,2.1,0.6557866666666666,236170000.0,2.8,2.62
1985-03-01,23,2.48,0.6557866666666666,236345000.0,2.8047222222222223,2.67
1985-04-01,39,1.97,0.50998,236520000.0,2.8075,2.7
1985-05-01,111,2.55,0.50998,236695000.0,2.8125,2.68
1985-06-01,197,2.62,0.50998,236870000.0,2.8183333333333334,2.64
1985-07-01,312,2.72,0.7131433333333334,237045000.0,2.8225,2.6
1985-08-01,267,2.93,0.7131433333333334,237220000.0,2.8247222222222224,2.44
1985-09-01,141,3.0,0.7131433333333334,237395000.0,2.8266666666666667,2.29
1985-10-01,67,3.18,0.43556,237570000.0,2.8294444444444444,2.11
1985-11-01,27,3.54,0.43556,237745000.0,2.833333333333333,2.21
1985-12-01,4,1.46,0.43556,237920000.0,2.837222222222222,2.29
1986-01-01,7,1.45,0.4785366666666666,238104166.66666663,2.8408333333333333,2.33
1986-02-01,10,2.82,0.4785366666666666,238288333.3333333,2.8430555555555554,2.32
1986-03-01,17,1.98,0.4785366666666666,238472500.0,2.8438888888888894,2.29
1986-04-01,34,2.24,0.2768933333333333,238656666.66666663,2.843055555555556,2.3
1986-05-01,106,2.95,0.2768933333333333,238840833.3333333,2.836388888888889,2.39
1986-06-01,230,3.03,0.2768933333333333,239025000.0,2.8247222222222224,2.32
1986-07-01,338,2.75,0.45709,239209166.66666663,2.806666666666666,2.0
1986-08-01,261,2.82,0.45709,239393333.3333333,2.788888888888889,1.73
1986-09-01,159,3.59,0.45709,239577500.0,2.7688888888888887,1.45
1986-10-01,50,2.81,0.3614133333333333,239761666.66666663,2.7375,1.4
1986-11-01,25,2.94,0.3614133333333333,239945833.3333333,2.6925,1.47
1986-12-01,9,2.0,0.3614133333333333,240130000.0,2.640555555555556,1.5
1987-01-01,5,2.17,0.4618166666666667,240310000.0,2.5919444444444446,1.48
1987-02-01,7,2.33,0.4618166666666667,240490000.0,2.544722222222222,1.42
1987-03-01,13,2.67,0.4618166666666667,240670000.0,2.498888888888889,1.47
1987-04-01,22,1.46,0.5929766666666666,240850000.0,2.4525,1.52
1987-05-01,127,3.24,0.5929766666666666,241030000.0,2.4055555555555554,1.66
1987-06-01,240,2.81,0.5929766666666666,241210000.0,2.357222222222222,1.69
1987-07-01,329,2.83,0.5437133333333334,241390000.0,2.3072222222222223,1.6
1987-08-01,299,2.74,0.5437133333333334,241570000.0,2.2605555555555554,1.47
1987-09-01,155,2.19,0.5437133333333334,241750000.0,2.2141666666666664,1.49
1987-10-01,40,1.15,0.8423766666666667,241930000.0,2.1669444444444443,1.55
1987-11-01,15,2.55,0.8423766666666667,242110000.0,2.121111111111111,1.61
1987-12-01,8,2.87,0.8423766666666667,242290000.0,2.0819444444444444,1.72
1988-01-01,5,1.97,0.4351566666666666,242474166.66666663,2.051388888888889,1.77
1988-02-01,5,1.52,0.4351566666666666,242658333.3333333,2.0252777777777777,1.83
1988-03-01,13,2.04,0.4351566666666666,242842500.0,2.0019444444444443,1.86
1988-04-01,28,2.32,0.7665133333333333,243026666.66666663,1.9777777777777772,1.88
1988-05-01,91,2.07,0.7665133333333333,243210833.3333333,1.955833333333333,1.94
1988-06-01,215,1.61,0.7665133333333333,243395000.0,1.9333333333333336,2.41
1988-07-01,356,2.7,0.5960066666666667,243579166.66666663,1.910555555555556,2.72
1988-08-01,343,2.57,0.5960066666666667,243763333.3333333,1.89,2.65
1988-09-01,150,2.81,0.5960066666666667,243947500.0,1.883611111111111,2.6
1988-10-01,46,1.43,0.7361833333333333,244131666.66666663,1.8869444444444443,2.58
1988-11-01,20,3.17,0.7361833333333333,244315833.3333333,1.892777777777778,2.51
1988-12-01,6,1.69,0.7361833333333333,244500000.0,1.9013888888888888,2.53
1989-01-01,15,2.05,0.6898399999999999,244693333.3333333,1.9144444444444444,2.6
1989-02-01,7,2.01,0.6898399999999999,244886666.66666663,1.9227777777777777,2.59
1989-03-01,20,2.91,0.6898399999999999,245080000.0,1.9294444444444443,2.6
1989-04-01,37,1.79,0.61214,245273333.3333333,1.936944444444444,2.56
1989-05-01,93,3.26,0.61214,245466666.66666663,1.9444444444444444,2.58
1989-06-01,207,3.8,0.61214,245660000.0,1.9530555555555555,2.52
1989-07-01,314,2.86,0.49237,245853333.3333333,1.9602777777777776,2.47
1989-08-01,264,2.73,0.49237,246046666.66666663,1.965555555555556,2.27
1989-09-01,138,2.68,0.49237,246240000.0,1.9711111111111117,2.29
1989-10-01,48,1.89,0.3035933333333333,246433333.3333333,1.9841666666666669,2.22
1989-11-01,17,1.73,0.3035933333333333,246626666.66666663,1.9991666666666663,2.24
1989-12-01,2,1.34,0.3035933333333333,246820000.0,2.0225,2.27
1990-01-01,15,2.79,0.7276766666666666,247053333.3333333,2.0452777777777778,2.31
1990-02-01,15,2.68,0.7276766666666666,247286666.66666663,2.0666666666666664,2.32
1990-03-01,21,2.71,0.7276766666666666,247520000.0,2.088055555555556,2.37
1990-04-01,30,2.49,0.4956666666666667,247753333.3333333,2.111111111111111,2.51
1990-05-01,91,3.83,0.4956666666666667,247986666.66666663,2.136111111111111,2.62
1990-06-01,233,2.5,0.4956666666666667,248220000.0,2.1611111111111114,2.63
1990-07-01,315,2.94,0.3080966666666666,248453333.3333333,2.188611111111111,2.62
1990-08-01,289,2.65,0.3080966666666666,248686666.66666663,2.2152777777777777,2.51
1990-09-01,171,2.04,0.3080966666666666,248920000.0,2.241388888888889,2.32
1990-10-01,55,2.76,-0.05754,249153333.3333333,2.269722222222222,2.19
1990-11-01,18,2.09,-0.05754,249386666.66666663,2.298611111111112,2.16
1990-12-01,10,2.69,-0.05754,249620000.0,2.3216666666666668,2.22
1991-01-01,11,2.37,0.1690066666666666,249900000.0,2.339444444444444,2.27
1991-02-01,10,1.64,0.1690066666666666,250180000.0,2.354722222222222,2.32
1991-03-01,21,3.33,0.1690066666666666,250460000.0,2.3686111111111114,2.39
1991-04-01,45,3.35,0.5063866666666667,250740000.0,2.3825000000000003,2.42
1991-05-01,147,3.72,0.5063866666666667,251020000.0,2.396111111111111,2.38
1991-06-01,230,2.84,0.5063866666666667,251300000.0,2.410833333333333,2.31
1991-07-01,333,2.7,0.43021,251580000.0,2.4258333333333333,2.27
1991-08-01,300,2.6,0.43021,251860000.0,2.438055555555556,2.33
1991-09-01,151,2.53,0.43021,252140000.0,2.435277777777778,2.33
1991-10-01,62,2.1,0.31477,252420000.0,2.422777777777778,2.31
1991-11-01,9,2.49,0.31477,252700000.0,2.413888888888889,2.29
1991-12-01,10,2.77,0.31477,252980000.0,2.4063888888888894,2.33
1992-01-01,6,2.08,0.5244433333333333,253274166.66666663,2.398888888888889,2.4
1992-02-01,10,2.32,0.5244433333333333,253568333.3333333,2.392777777777778,2.46
1992-03-01,16,2.51,0.5244433333333333,253862500.0,2.3872222222222224,2.49
1992-04-01,29,2.06,0.5639866666666666,254156666.66666663,2.381666666666667,2.48
1992-05-01,80,2.29,0.5639866666666666,254450833.3333333,2.378055555555556,2.49
1992-06-01,171,3.39,0.5639866666666666,254745000.0,2.375,2.47
1992-07-01,288,3.65,0.4939033333333333,255039166.66666663,2.372777777777777,2.33
1992-08-01,231,2.9,0.4939033333333333,255333333.3333333,2.370277777777778,2.15
1992-09-01,152,2.33,0.4939033333333333,255627500.0,2.368888888888889,2.16
1992-10-01,49,1.67,0.5795033333333334,255921666.66666663,2.365,2.05
1992-11-01,14,3.27,0.5795033333333334,256215833.3333333,2.361666666666667,1.98
1992-12-01,8,2.79,0.5795033333333334,256510000.0,2.358055555555556,1.97
1993-01-01,13,3.2,0.2427666666666666,256794166.66666663,2.353333333333333,2.03
1993-02-01,6,2.18,0.2427666666666666,257078333.3333333,2.3461111111111115,2.0
1993-03-01,12,2.85,0.2427666666666666,257362500.0,2.3377777777777777,2.1
1993-04-01,19,2.92,0.3936933333333333,257646666.66666663,2.33,2.16
1993-05-01,92,2.94,0.3936933333333333,257930833.3333333,2.321111111111111,2.14
1993-06-01,205,3.61,0.3936933333333333,258215000.0,2.313611111111111,2.09
1993-07-01,342,3.3,0.3581533333333333,258499166.66666663,2.303888888888889,2.22
1993-08-01,312,2.77,0.3581533333333333,258783333.3333333,2.2905555555555552,2.25
1993-09-01,148,2.58,0.3581533333333333,259067500.0,2.275555555555556,2.21
1993-10-01,47,2.19,0.6375966666666667,259351666.66666663,2.2644444444444445,2.28
1993-11-01,12,2.12,0.6375966666666667,259635833.3333333,2.257222222222222,2.45
1993-12-01,4,1.96,0.6375966666666667,259920000.0,2.254166666666667,2.67
1994-01-01,7,2.24,0.4843533333333333,260187500.0,2.256666666666667,2.7
1994-02-01,10,2.15,0.4843533333333333,260455000.0,2.2647222222222223,2.79
1994-03-01,19,2.36,0.4843533333333333,260722500.0,2.2772222222222225,2.74
1994-04-01,39,2.82,0.6149766666666666,260990000.0,2.2891666666666666,2.65
1994-05-01,80,2.43,0.6149766666666666,261257500.0,2.3022222222222224,2.6
1994-06-01,260,2.9,0.6149766666666666,261525000.0,2.3119444444444444,2.61
1994-07-01,325,3.09,0.3870333333333333,261792500.0,2.3183333333333334,2.29
1994-08-01,264,2.54,0.3870333333333333,262060000.0,2.3244444444444445,2.16
1994-09-01,139,2.14,0.3870333333333333,262327500.0,2.332777777777778,2.19
1994-10-01,49,2.86,0.56478,262595000.0,2.333333333333333,2.06
1994-11-01,23,2.9,0.56478,262862500.0,2.328611111111111,1.99
1994-12-01,10,2.19,0.56478,263130000.0,2.3247222222222224,2.13
1995-01-01,6,3.18,0.2995666666666667,263392500.0,2.3177777777777777,2.19
1995-02-01,8,1.6,0.2995666666666667,263655000.0,2.3094444444444444,2.23
1995-03-01,19,2.99,0.2995666666666667,263917500.0,2.303888888888889,2.3
1995-04-01,30,2.83,0.26015,264180000.0,2.2980555555555555,2.36
1995-05-01,97,4.1,0.26015,264442500.0,2.2916666666666665,2.42
1995-06-01,198,3.23,0.26015,264705000.0,2.286388888888889,2.51
1995-07-01,345,2.65,0.4490533333333333,264967500.0,2.283055555555556,2.63
1995-08-01,358,2.66,0.4490533333333333,265230000.0,2.28111111111111,2.63
1995-09-01,152,2.2,0.4490533333333333,265492500.0,2.282222222222222,2.69
1995-10-01,61,2.63,0.3881266666666667,265755000.0,2.2905555555555552,2.79
1995-11-01,13,2.37,0.3881266666666667,266017500.0,2.303888888888889,2.87
1995-12-01,5,2.25,0.3881266666666667,266280000.0,2.318611111111111,3.07
1996-01-01,6,2.82,0.4111966666666666,266539166.66666663,2.3391666666666664,3.09
1996-02-01,6,1.89,0.4111966666666666,266798333.3333333,2.363888888888889,3.37
1996-03-01,8,2.24,0.4111966666666666,267057500.0,2.3944444444444444,3.51
1996-04-01,27,2.56,0.6963333333333334,267316666.66666663,2.4238888888888885,3.85
1996-05-01,124,3.32,0.6963333333333334,267575833.3333333,2.4619444444444443,4.14
1996-06-01,226,2.87,0.6963333333333334,267835000.0,2.5011111111111117,4.2
1996-07-01,306,3.12,0.40902,268094166.66666663,2.5480555555555555,4.43
1996-08-01,288,2.66,0.40902,268353333.3333333,2.6036111111111118,4.3
1996-09-01,138,3.44,0.40902,268612500.0,2.6622222222222223,3.56
1996-10-01,46,2.49,0.5262033333333334,268871666.6666667,2.723611111111111,2.88
1996-11-01,15,3.0,0.5262033333333334,269130833.3333333,2.7805555555555554,2.66
1996-12-01,7,3.29,0.5262033333333334,269390000.0,2.818055555555555,2.63
1997-01-01,8,2.81,0.4152,269661666.6666667,2.834722222222222,2.69
1997-02-01,11,2.39,0.4152,269933333.3333333,2.8405555555555555,2.65
1997-03-01,32,2.44,0.4152,270205000.0,2.839444444444444,2.79
1997-04-01,20,2.99,0.62249,270476666.6666667,2.8391666666666664,2.8
1997-05-01,87,2.78,0.62249,270748333.3333333,2.835277777777778,2.69
1997-06-01,187,3.4,0.62249,271020000.0,2.836666666666667,2.56
1997-07-01,314,2.71,0.56345,271291666.6666667,2.8408333333333333,2.42
1997-08-01,270,2.68,0.56345,271563333.3333333,2.8433333333333333,2.5
1997-09-01,172,2.54,0.56345,271835000.0,2.8419444444444446,2.52
1997-10-01,47,2.52,0.3966533333333333,272106666.6666667,2.8455555555555554,2.54
1997-11-01,11,2.29,0.3966533333333333,272378333.3333333,2.855,2.51
1997-12-01,6,2.31,0.3966533333333333,272650000.0,2.8641666666666667,2.52
1998-01-01,12,3.36,0.3824399999999999,272916666.6666667,2.8774999999999995,2.56
1998-02-01,7,3.32,0.3824399999999999,273183333.3333333,2.8919444444444444,2.55
1998-03-01,11,3.23,0.3824399999999999,273450000.0,2.902777777777777,2.55
1998-04-01,24,2.57,0.38805,273716666.6666667,2.9130555555555557,2.41
1998-05-01,139,2.62,0.38805,273983333.3333333,2.921944444444444,2.34
1998-06-01,230,3.32,0.38805,274250000.0,2.928888888888889,2.28
1998-07-01,353,2.86,0.5626266666666667,274516666.6666667,2.930277777777777,2.19
1998-08-01,338,2.42,0.5626266666666667,274783333.3333333,2.928055555555556,1.89
1998-09-01,213,2.51,0.5626266666666667,275050000.0,2.9216666666666664,1.84
1998-10-01,62,2.97,0.6318466666666667,275316666.6666667,2.9094444444444445,1.91
1998-11-01,22,2.63,0.6318466666666667,275583333.3333333,2.888888888888889,1.93
1998-12-01,12,2.08,0.6318466666666667,275850000.0,2.8652777777777776,2.0
1999-01-01,12,3.13,0.4221033333333333,276115833.3333333,2.8408333333333338,2.06
1999-02-01,12,1.92,0.4221033333333333,276381666.6666667,2.814722222222222,2.05
1999-03-01,13,2.19,0.4221033333333333,276647500.0,2.785,2.06
1999-04-01,44,2.87,0.4056233333333333,276913333.3333333,2.756388888888889,2.04
1999-05-01,98,2.91,0.4056233333333333,277179166.6666667,2.719722222222222,1.99
1999-06-01,217,3.31,0.4056233333333333,277445000.0,2.679444444444444,1.97
1999-07-01,367,2.58,0.5613133333333333,277710833.3333333,2.629166666666667,1.74
1999-08-01,307,2.3,0.5613133333333333,277976666.6666667,2.5694444444444446,1.75
1999-09-01,154,2.52,0.5613133333333333,278242500.0,2.5075,1.75
1999-10-01,57,1.57,0.7348366666666667,278508333.3333333,2.432777777777778,1.69
1999-11-01,19,1.44,0.7348366666666667,278774166.6666667,2.3619444444444446,1.7
1999-12-01,6,1.73,0.7348366666666667,279040000.0,2.3116666666666665,1.82
2000-01-01,9,2.14,0.3434633333333333,279300000.0,2.2786111111111107,1.91
2000-02-01,11,2.12,0.3434633333333333,279560000.0,2.2519444444444443,1.98
2000-03-01,28,2.44,0.3434633333333333,279820000.0,2.229444444444445,2.03
2000-04-01,30,2.32,0.8182933333333334,280080000.0,2.207777777777778,2.03
2000-05-01,139,2.66,0.8182933333333334,280340000.0,2.189166666666667,2.11
2000-06-01,223,3.45,0.8182933333333334,280600000.0,2.168055555555556,1.91
2000-07-01,290,2.3,0.22914,280860000.0,2.1466666666666665,1.64
2000-08-01,306,1.91,0.22914,281120000.0,2.1305555555555555,1.52
2000-09-01,159,2.18,0.22914,281380000.0,2.1125,1.61
2000-10-01,50,2.26,0.3798433333333333,281640000.0,2.0908333333333333,1.74
2000-11-01,9,2.73,0.3798433333333333,281900000.0,2.063611111111111,1.86
2000-12-01,4,1.71,0.3798433333333333,282160000.0,2.038333333333333,1.97
2001-01-01,3,1.85,0.1101566666666666,282394166.6666667,2.016111111111111,1.98
2001-02-01,13,2.21,0.1101566666666666,282628333.3333333,1.9980555555555557,1.96
2001-03-01,13,2.57,0.1101566666666666,282862500.0,1.982777777777778,1.96
2001-04-01,41,2.1,0.4099533333333333,283096666.6666667,1.9666666666666663,1.89
2001-05-01,121,2.78,0.4099533333333333,283330833.3333333,1.950277777777778,1.82
2001-06-01,223,3.12,0.4099533333333333,283565000.0,1.9338888888888883,1.76
2001-07-01,306,2.72,-0.0030833333333333,283799166.6666667,1.9194444444444445,1.87
2001-08-01,334,2.41,-0.0030833333333333,284033333.3333333,1.905,1.9
2001-09-01,141,2.45,-0.0030833333333333,284267500.0,1.8905555555555555,1.91
2001-10-01,47,2.06,0.1964033333333333,284501666.6666667,1.8816666666666664,1.84
2001-11-01,21,2.39,0.1964033333333333,284735833.3333333,1.8819444444444444,1.85
2001-12-01,12,2.36,0.1964033333333333,284970000.0,1.8838888888888887,1.98
2002-01-01,9,2.01,0.3847066666666667,285191666.6666667,1.8819444444444444,1.97
2002-02-01,6,1.32,0.3847066666666667,285413333.3333333,1.8797222222222223,1.93
2002-03-01,18,2.59,0.3847066666666667,285635000.0,1.8791666666666669,1.94
2002-04-01,54,2.26,0.3213566666666667,285856666.6666667,1.8766666666666667,1.91
2002-05-01,92,2.64,0.3213566666666667,286078333.3333333,1.8733333333333333,1.93
2002-06-01,239,2.56,0.3213566666666667,286300000.0,1.87,1.97
2002-07-01,365,2.6,0.2956933333333333,286521666.6666667,1.8663888888888889,2.13
2002-08-01,325,2.4,0.2956933333333333,286743333.3333333,1.8647222222222224,2.38
2002-09-01,198,2.72,0.2956933333333333,286965000.0,1.8647222222222224,2.47
2002-10-01,57,3.01,0.2348666666666666,287186666.6666667,1.875555555555556,2.34
2002-11-01,11,1.94,0.2348666666666666,287408333.3333333,1.893055555555556,2.28
2002-12-01,5,3.0,0.2348666666666666,287630000.0,1.913055555555556,2.32
2003-01-01,4,1.33,0.3396066666666666,287836666.6666667,1.9311111111111117,2.33
2003-02-01,8,2.57,0.3396066666666666,288043333.3333333,1.9472222222222224,2.34
2003-03-01,25,2.48,0.3396066666666666,288250000.0,1.961111111111111,2.33
2003-04-01,31,2.63,0.4135666666666666,288456666.6666667,1.9727777777777775,2.34
2003-05-01,110,3.27,0.4135666666666666,288663333.3333333,1.9827777777777775,2.38
2003-06-01,185,3.45,0.4135666666666666,288870000.0,1.9911111111111108,2.34
2003-07-01,335,2.64,0.7481300000000001,289076666.6666667,1.9997222222222224,2.17
2003-08-01,338,2.56,0.7481300000000001,289283333.3333333,2.007222222222222,2.15
2003-09-01,154,2.82,0.7481300000000001,289490000.0,2.0191666666666666,2.2
2003-10-01,64,1.83,0.5924066666666666,289696666.6666667,2.033888888888889,2.12
2003-11-01,22,2.55,0.5924066666666666,289903333.3333333,2.051388888888889,2.2
2003-12-01,4,2.38,0.5924066666666666,290110000.0,2.0677777777777777,2.31
2004-01-01,7,1.97,0.4281633333333333,290335000.0,2.0783333333333336,2.39
2004-02-01,7,2.45,0.4281633333333333,290560000.0,2.087777777777778,2.61
2004-03-01,29,2.01,0.4281633333333333,290785000.0,2.0972222222222223,2.75
2004-04-01,28,2.5,0.5294,291010000.0,2.108611111111111,2.89
2004-05-01,136,3.34,0.5294,291235000.0,2.126666666666667,2.87
2004-06-01,205,3.51,0.5294,291460000.0,2.148611111111111,2.79
2004-07-01,297,3.05,0.52972,291685000.0,2.176388888888889,2.51
2004-08-01,250,3.04,0.52972,291910000.0,2.2055555555555557,2.34
2004-09-01,172,2.98,0.52972,292135000.0,2.234166666666667,2.2
2004-10-01,68,3.04,0.6011133333333333,292360000.0,2.2519444444444443,2.14
2004-11-01,18,3.18,0.6011133333333333,292585000.0,2.264166666666666,2.05
2004-12-01,5,2.18,0.6011133333333333,292810000.0,2.272222222222222,2.04
2005-01-01,11,2.7,0.6388,293035833.3333333,2.2805555555555554,2.12
2005-02-01,8,2.06,0.6388,293261666.6666667,2.286111111111111,1.95
2005-03-01,13,2.34,0.6388,293487500.0,2.287777777777778,2.02
2005-04-01,24,2.57,0.4056466666666666,293713333.3333333,2.2919444444444443,2.0
2005-05-01,83,2.76,0.4056466666666666,293939166.6666667,2.2925,1.98
2005-06-01,245,3.14,0.4056466666666666,294165000.0,2.294722222222222,2.03
2005-07-01,367,2.7,0.5674433333333333,294390833.3333333,2.297222222222222,2.11
2005-08-01,346,2.99,0.5674433333333333,294616666.6666667,2.298611111111111,1.95
2005-09-01,211,1.94,0.5674433333333333,294842500.0,2.3002777777777776,1.9
2005-10-01,55,2.37,0.46049,295068333.3333333,2.299722222222222,1.82
2005-11-01,20,2.22,0.46049,295294166.6666667,2.287777777777778,1.77
2005-12-01,5,2.29,0.46049,295520000.0,2.2719444444444443,1.92
2006-01-01,14,2.61,0.68786,295758333.3333333,2.2575,2.0
2006-02-01,5,1.52,0.68786,295996666.6666667,2.243333333333333,2.02
2006-03-01,21,2.31,0.68786,296235000.0,2.232222222222222,2.06
2006-04-01,55,2.54,0.37812,296473333.3333333,2.223055555555556,2.11
2006-05-01,109,2.29,0.37812,296711666.6666667,2.2141666666666664,2.17
2006-06-01,234,2.56,0.37812,296950000.0,2.2066666666666666,2.14
2006-07-01,383,2.46,0.2829933333333333,297188333.3333333,2.2002777777777776,2.14
2006-08-01,331,2.8,0.2829933333333333,297426666.6666667,2.1944444444444446,2.09
2006-09-01,135,2.8,0.2829933333333333,297665000.0,2.1888888888888887,2.2
2006-10-01,46,2.9,0.40704,297903333.3333333,2.188055555555556,2.55
2006-11-01,14,2.46,0.40704,298141666.6666667,2.186388888888889,2.88
2006-12-01,12,2.57,0.40704,298380000.0,2.186388888888889,3.01
2007-01-01,10,2.22,0.4180833333333333,298617500.0,2.1983333333333333,3.05
2007-02-01,6,1.76,0.4180833333333333,298855000.0,2.217222222222222,3.44
2007-03-01,31,2.31,0.4180833333333333,299092500.0,2.2366666666666664,3.43
2007-04-01,24,2.49,0.43715,299330000.0,2.2550000000000003,3.39
2007-05-01,117,2.75,0.43715,299567500.0,2.2780555555555555,3.49
2007-06-01,232,2.91,0.43715,299805000.0,2.296944444444444,3.53
2007-07-01,308,2.88,0.3750266666666667,300042500.0,2.310833333333333,3.32
2007-08-01,363,2.6,0.3750266666666667,300280000.0,2.328055555555556,3.26
2007-09-01,187,2.17,0.3750266666666667,300517500.0,2.348611111111111,3.28
2007-10-01,80,2.72,0.3454633333333333,300755000.0,2.371111111111111,3.29
2007-11-01,17,1.4,0.3454633333333333,300992500.0,2.3966666666666665,3.44
2007-12-01,13,2.97,0.3454633333333333,301230000.0,2.4266666666666667,3.77
2008-01-01,7,2.21,-0.0193,301468333.3333333,2.458611111111111,3.98
2008-02-01,12,2.47,-0.0193,301706666.6666667,2.4972222222222222,4.54
2008-03-01,18,2.52,-0.0193,301945000.0,2.5452777777777778,4.7
2008-04-01,31,2.54,0.3607533333333333,302183333.3333333,2.5969444444444445,5.14
2008-05-01,93,3.0,0.3607533333333333,302421666.6666667,2.6688888888888886,5.27
2008-06-01,262,3.0,0.3607533333333333,302660000.0,2.7433333333333336,5.47
2008-07-01,331,2.8,0.0746633333333333,302898333.3333333,2.830555555555556,5.25
2008-08-01,281,3.05,0.0746633333333333,303136666.6666667,2.921944444444444,5.26
2008-09-01,170,2.68,0.0746633333333333,303375000.0,3.0175,5.01
2008-10-01,48,2.18,-0.6505833333333334,303613333.3333333,3.104722222222222,4.37
2008-11-01,12,1.95,-0.6505833333333334,303851666.6666667,3.1966666666666668,4.26
2008-12-01,8,2.84,-0.6505833333333334,304090000.0,3.2830555555555554,4.11
2009-01-01,7,1.6,-0.4045833333333333,304313333.3333333,3.3538888888888887,4.36
2009-02-01,8,1.55,-0.4045833333333333,304536666.6666667,3.4230555555555555,3.87
2009-03-01,19,2.7,-0.4045833333333333,304760000.0,3.483888888888889,3.85
2009-04-01,30,2.83,-0.11472,304983333.3333333,3.5494444444444446,3.85
2009-05-01,117,3.31,-0.11472,305206666.6666667,3.600833333333333,3.96
2009-06-01,221,3.01,-0.11472,305430000.0,3.650555555555555,4.01
2009-07-01,286,3.07,0.1567933333333333,305653333.3333333,3.698888888888889,3.6
2009-08-01,303,2.69,0.1567933333333333,305876666.6666667,3.748611111111111,3.33
2009-09-01,168,2.54,0.1567933333333333,306100000.0,3.800555555555556,3.25
2009-10-01,47,4.29,0.4668566666666667,306323333.3333333,3.841111111111111,3.61
2009-11-01,17,1.63,0.4668566666666667,306546666.6666667,3.875555555555555,3.65
2009-12-01,7,3.08,0.4668566666666667,306770000.0,3.904722222222222,3.6
2010-01-01,3,2.62,0.2579133333333333,306982500.0,3.9341666666666666,3.66
2010-02-01,2,2.01,0.2579133333333333,307195000.0,3.955555555555556,3.55
2010-03-01,7,2.3,0.2579133333333333,307407500.0,3.971944444444445,3.55
2010-04-01,35,2.38,0.48671,307620000.0,3.988888888888889,3.41
2010-05-01,127,3.32,0.48671,307832500.0,3.991944444444445,3.48
2010-06-01,282,3.49,0.48671,308045000.0,3.9952777777777775,3.41
2010-07-01,375,3.32,0.3591666666666666,308257500.0,3.995833333333333,3.49
2010-08-01,351,2.51,0.3591666666666666,308470000.0,3.995555555555556,3.65
2010-09-01,194,2.78,0.3591666666666666,308682500.0,3.9922222222222223,4.08
2010-10-01,53,1.97,0.3695466666666667,308895000.0,3.996944444444445,4.32
2010-11-01,13,2.22,0.3695466666666667,309107500.0,4.007777777777778,4.55
2010-12-01,2,2.45,0.3695466666666667,309320000.0,4.03,4.82
2011-01-01,5,1.65,0.0913866666666666,309506666.6666667,4.058611111111111,4.94
2011-02-01,8,1.98,0.0913866666666666,309693333.3333333,4.089444444444444,5.65
2011-03-01,24,2.91,0.0913866666666666,309880000.0,4.118611111111111,5.53
2011-04-01,53,3.42,0.4474966666666666,310066666.6666667,4.145277777777777,6.36
2011-05-01,105,3.43,0.4474966666666666,310253333.3333333,4.176111111111111,6.32
2011-06-01,259,2.58,0.4474966666666666,310440000.0,4.199166666666667,6.38
2011-07-01,404,2.44,0.1931466666666666,310626666.6666667,4.233055555555556,6.33
2011-08-01,349,2.34,0.1931466666666666,310813333.3333333,4.262222222222222,6.88
2011-09-01,174,2.48,0.1931466666666666,311000000.0,4.2875,6.38
2011-10-01,48,2.14,0.4145166666666666,311186666.6666667,4.317499999999999,5.73
2011-11-01,17,2.47,0.4145166666666666,311373333.3333333,4.362500000000001,5.83
2011-12-01,10,2.26,0.4145166666666666,311560000.0,4.400555555555556,5.86
2012-01-01,11,2.09,0.4766933333333333,311749166.6666667,4.4383333333333335,6.07
2012-02-01,12,1.85,0.4766933333333333,311938333.3333333,4.481944444444445,6.28
2012-03-01,48,2.87,0.4766933333333333,312127500.0,4.530555555555555,6.35
2012-04-01,47,2.23,0.2869033333333333,312316666.6666667,4.578055555555555,6.34
2012-05-01,154,2.5,0.2869033333333333,312505833.3333333,4.645,6.34
2012-06-01,232,2.24,0.2869033333333333,312695000.0,4.714444444444445,6.37
2012-07-01,401,2.51,0.2311933333333333,312884166.6666667,4.78361111111111,7.14
2012-08-01,327,2.47,0.2311933333333333,313073333.3333333,4.849722222222223,7.63
2012-09-01,172,2.34,0.2311933333333333,313262500.0,4.915277777777778,6.89
2012-10-01,53,2.23,0.2059833333333333,313451666.6666667,5.013611111111112,6.78
2012-11-01,12,1.32,0.2059833333333333,313640833.3333333,5.133055555555556,7.01
2012-12-01,10,2.88,0.2059833333333333,313830000.0,5.234166666666667,6.87
2013-01-01,14,2.37,0.4235866666666666,314010000.0,5.322222222222222,6.96
2013-02-01,10,2.02,0.4235866666666666,314190000.0,5.415555555555556,7.04
2013-03-01,10,1.72,0.4235866666666666,314370000.0,5.506388888888889,7.13
2013-04-01,32,2.9,0.14132,314550000.0,5.598055555555556,6.97
2013-05-01,98,3.35,0.14132,314730000.0,5.694999999999999,6.97
2013-06-01,243,3.34,0.14132,314910000.0,5.794444444444445,6.97
2013-07-01,337,3.34,0.4221999999999999,315090000.0,5.893333333333334,6.79
2013-08-01,286,2.56,0.4221999999999999,315270000.0,5.990277777777778,6.21
2013-09-01,175,2.98,0.4221999999999999,315450000.0,6.089166666666667,5.4
2013-10-01,54,2.23,0.4376733333333333,315630000.0,6.180833333333333,4.63
2013-11-01,16,2.04,0.4376733333333333,315810000.0,6.251944444444445,4.37
2013-12-01,12,2.21,0.4376733333333333,315990000.0,6.288611111111111,4.41
2014-01-01,6,1.37,0.0217266666666666,316182500.0,6.297222222222223,4.42
2014-02-01,11,2.25,0.0217266666666666,316375000.0,6.292222222222222,4.35
2014-03-01,14,2.37,0.0217266666666666,316567500.0,6.280833333333334,4.52
2014-04-01,35,2.88,0.6191033333333333,316760000.0,6.266388888888889,4.71
2014-05-01,111,2.81,0.6191033333333333,316952500.0,6.230277777777777,4.71
2014-06-01,240,3.67,0.6191033333333333,317145000.0,6.202222222222222,4.5
2014-07-01,298,2.6,0.5354733333333334,317337500.0,6.156388888888889,4.06
2014-08-01,289,3.13,0.5354733333333334,317530000.0,6.111666666666666,3.63
2014-09-01,179,2.64,0.5354733333333334,317722500.0,6.059444444444444,3.49
2014-10-01,71,2.42,0.20536,317915000.0,5.996388888888889,3.57
2014-11-01,9,2.13,0.20536,318107500.0,5.906111111111111,3.6
2014-12-01,9,2.58,0.20536,318300000.0,5.825833333333333,3.79
2015-01-01,8,1.83,0.2591766666666666,318495000.0,5.765833333333333,3.82
2015-02-01,6,1.74,0.2591766666666666,318690000.0,5.703888888888888,3.79
2015-03-01,28,2.13,0.2591766666666666,318885000.0,5.64638888888889,3.81
2015-04-01,51,2.83,0.37492,319080000.0,5.58388888888889,3.75
2015-05-01,123,4.44,0.37492,319275000.0,5.514722222222222,3.64
2015-06-01,252,3.55,0.37492,319470000.0,5.444166666666666,3.59
2015-07-01,333,3.23,0.2074933333333333,319665000.0,5.372222222222222,3.8
2015-08-01,312,2.41,0.2074933333333333,319860000.0,5.297222222222223,3.68
2015-09-01,220,2.12,0.2074933333333333,320055000.0,5.220000000000001,3.68
2015-10-01,73,2.9,0.0457366666666666,320250000.0,5.127222222222222,3.67
2015-11-01,27,3.35,0.0457366666666666,320445000.0,5.0175,3.59
2015-12-01,24,4.06,0.0457366666666666,320640000.0,4.928333333333334,3.65
2016-01-01,6,2.04,0.1695166666666666,320831666.6666667,4.841944444444445,3.66
2016-02-01,10,1.93,0.1695166666666666,321023333.3333333,4.746944444444444,3.58
2016-03-01,33,2.92,0.1695166666666666,321215000.0,4.657500000000001,3.56
2016-04-01,40,3.0,0.3370566666666666,321406666.6666667,4.565833333333334,3.56
2016-05-01,94,3.07,0.3370566666666666,321598333.3333333,4.469722222222223,3.68
2016-06-01,268,2.48,0.3370566666666666,321790000.0,4.370555555555555,3.82
2016-07-01,381,2.92,0.29344,321981666.6666667,4.275833333333333,3.6
2016-08-01,360,3.47,0.29344,322173333.3333333,4.184444444444444,3.21
2016-09-01,216,2.73,0.29344,322365000.0,4.096944444444444,3.22
2016-10-01,82,2.39,0.3419033333333333,322556666.6666667,4.008333333333334,3.29
2016-11-01,23,1.75,0.3419033333333333,322748333.3333333,3.925,3.24
2016-12-01,15,2.72,0.3419033333333333,322940000.0,3.864444444444444,3.32
2017-01-01,15,3.24,0.32664,323110833.3333333,3.8272222222222223,3.4
2017-02-01,20,2.25,0.32664,323281666.6666667,3.795833333333333,3.44
2017-03-01,29,2.59,0.32664,323452500.0,3.765555555555556,3.49
2017-04-01,53,3.5,0.2941233333333333,323623333.3333333,3.737222222222222,3.43
2017-05-01,102,3.36,0.2941233333333333,323794166.6666667,3.711944444444444,3.45
2017-06-01,237,3.07,0.2941233333333333,323965000.0,3.683333333333333,3.43
2017-07-01,359,2.8,0.4067233333333333,324135833.3333333,3.647777777777778,3.49
2017-08-01,287,3.42,0.4067233333333333,324306666.6666667,3.6127777777777776,3.27
2017-09-01,180,2.27,0.4067233333333333,324477500.0,3.583055555555556,3.27
2017-10-01,74,2.6,0.5526466666666666,324648333.3333333,3.5672222222222225,3.26
2017-11-01,25,1.62,0.5526466666666666,324819166.6666667,3.5572222222222223,3.15
2017-12-01,9,1.59,0.5526466666666666,324990000.0,3.551111111111111,3.23
2018-01-01,6,1.85,0.4371433333333334,325131666.6666667,3.5425,3.29
2018-02-01,21,2.89,0.4371433333333334,325273333.3333333,3.53,3.38
2018-03-01,19,2.48,0.4371433333333334,325415000.0,3.5144444444444445,3.51
2018-04-01,30,2.46,0.5771466666666667,325556666.6666667,3.499722222222222,3.58
2018-05-01,171,3.02,0.5771466666666667,325698333.3333333,3.4883333333333333,3.68
2018-06-01,265,3.15,0.5771466666666667,325840000.0,3.48,3.58
2018-07-01,372,2.86,0.27101,325981666.6666667,3.4752777777777784,3.47
2018-08-01,348,2.98,0.27101,326123333.3333333,3.476388888888889,3.36
2018-09-01,226,3.57,0.27101,326265000.0,3.476111111111111,3.4
2018-10-01,65,3.43,0.2488366666666666,326406666.6666667,3.4669444444444446,3.42
2018-11-01,15,2.71,0.2488366666666666,326548333.3333333,3.458055555555555,3.41
2018-12-01,9,3.25,0.2488366666666666,326690000.0,3.450277777777778,3.54
2019-01-01,7,2.56,0.3015166666666666,326819166.6666667,3.4433333333333334,3.56
2019-02-01,16,3.28,0.3015166666666666,326948333.3333333,3.438333333333333,3.6
2019-03-01,16,2.24,0.3015166666666666,327077500.0,3.435277777777778,3.61
2019-04-01,39,3.21,0.4565966666666667,327206666.6666667,3.4325,3.53
2019-05-01,124,4.47,0.4565966666666667,327335833.3333333,3.433055555555556,3.63
2019-06-01,222,3.37,0.4565966666666667,327465000.0,3.4344444444444444,3.98
2019-07-01,370,2.76,0.3377966666666667,327594166.6666667,3.433611111111111,4.16
2019-08-01,330,2.78,0.3377966666666667,327723333.3333333,3.4322222222222223,3.93
2019-09-01,237,2.45,0.3377966666666667,327852500.0,3.4366666666666665,3.8
2019-10-01,70,3.19,0.2936466666666666,327981666.6666667,3.4522222222222223,3.85
2019-11-01,13,1.94,0.2936466666666666,328110833.3333333,3.4722222222222223,3.68
2019-12-01,11,2.57,0.2936466666666666,328240000.0,3.4883333333333333,3.71
2020-01-01,13,2.74,-0.3274133333333333,328376666.6666667,3.503888888888889,3.79
2020-02-01,11,2.44,-0.3274133333333333,328513333.3333333,3.516111111111111,3.78
2020-03-01,40,2.86,-0.3274133333333333,328650000.0,3.526944444444444,3.68
2020-04-01,39,2.52,-3.109553333333333,328786666.6666667,3.537777777777778,3.29
2020-05-01,100,3.09,-3.109553333333333,328923333.3333333,3.5472222222222225,3.2
2020-06-01,242,2.73,-3.109553333333333,329060000.0,3.5525,3.16
2020-07-01,394,2.94,2.842826666666667,329196666.6666667,3.548611111111111,3.21
2020-08-01,351,2.43,2.842826666666667,329333333.3333333,3.541666666666667,3.12
2020-09-01,174,2.44,2.842826666666667,329470000.0,3.5341666666666667,3.41
2020-10-01,77,2.18,0.5346033333333333,329606666.6666667,3.526388888888889,3.61
2020-11-01,28,1.94,0.5346033333333333,329743333.3333333,3.522222222222222,3.79
2020-12-01,5,2.06,0.5346033333333333,329880000.0,3.526111111111111,3.97
