date_index,USPop,Inflation Rate,GDP,GDP_PCH
1950-01-01,149877500.0,0.004916666666666666,91.48599999999999,1.2564633333333333
1950-02-01,150095000.0,0.004916666666666666,92.54766666666666,1.2564633333333333
1950-03-01,150312500.0,0.004916666666666666,93.60933333333332,1.2564633333333333
1950-04-01,150530000.0,0.004916666666666666,94.67099999999999,1.1341466666666666
1950-05-01,150747500.0,0.004916666666666666,95.73266666666666,1.1341466666666666
1950-06-01,150965000.0,0.004916666666666666,96.79433333333333,1.1341466666666666
1950-07-01,151182500.0,0.004916666666666666,98.76877777777777,2.0398333333333336
1950-08-01,151400000.0,0.004916666666666666,100.74322222222223,2.0398333333333336
1950-09-01,151617500.0,0.004916666666666666,102.71766666666667,2.0398333333333336
1950-10-01,151835000.0,0.004916666666666666,104.02788888888888,1.2755566666666667
1950-11-01,152052500.0,0.004916666666666666,105.33811111111112,1.2755566666666667
1950-12-01,152270000.0,0.004916666666666666,106.64833333333333,1.2755566666666667
1951-01-01,152487500.0,0.005,108.43222222222222,1.6726833333333333
1951-02-01,152705000.0,0.005,110.2161111111111,1.6726833333333333
1951-03-01,152922500.0,0.005,112.0,1.6726833333333333
1951-04-01,153140000.0,0.005,112.89888888888889,0.80258
1951-05-01,153357500.0,0.005,113.79777777777777,0.80258
1951-06-01,153575000.0,0.005,114.69666666666666,0.80258
1951-07-01,153792500.0,0.005,115.50722222222221,0.7066933333333334
1951-08-01,154010000.0,0.005,116.31777777777778,0.7066933333333334
1951-09-01,154227500.0,0.005,117.12833333333333,0.7066933333333334
1951-10-01,154445000.0,0.005,117.66088888888889,0.4546766666666667
1951-11-01,154662500.0,0.005,118.19344444444444,0.4546766666666667
1951-12-01,154880000.0,0.005,118.726,0.4546766666666667
1952-01-01,155102500.0,0.0006666666666666666,119.13066666666667,0.34084000000000003
1952-02-01,155325000.0,0.0006666666666666666,119.53533333333333,0.34084000000000003
1952-03-01,155547500.0,0.0006666666666666666,119.94,0.34084000000000003
1952-04-01,155770000.0,0.0006666666666666666,120.07444444444444,0.11209333333333334
1952-05-01,155992500.0,0.0006666666666666666,120.2088888888889,0.11209333333333334
1952-06-01,156215000.0,0.0006666666666666666,120.34333333333332,0.11209333333333334
1952-07-01,156437500.0,0.0006666666666666666,121.08455555555555,0.6159233333333333
1952-08-01,156660000.0,0.0006666666666666666,121.82577777777777,0.6159233333333333
1952-09-01,156882500.0,0.0006666666666666666,122.56700000000001,0.6159233333333333
1952-10-01,157105000.0,0.0006666666666666666,124.0237777777778,1.1885566666666667
1952-11-01,157327500.0,0.0006666666666666666,125.48055555555555,1.1885566666666667
1952-12-01,157550000.0,0.0006666666666666666,126.93733333333334,1.1885566666666667
1953-01-01,157769166.66666666,0.0005833333333333334,127.73377777777779,0.62743
1953-02-01,157988333.33333334,0.0005833333333333334,128.53022222222222,0.62743
1953-03-01,158207500.0,0.0005833333333333334,129.32666666666668,0.62743
1953-04-01,158426666.66666666,0.0005833333333333334,129.74544444444444,0.32381333333333334
1953-05-01,158645833.33333334,0.0005833333333333334,130.16422222222224,0.32381333333333334
1953-06-01,158865000.0,0.0005833333333333334,130.583,0.32381333333333334
1953-07-01,159084166.66666666,0.0005833333333333334,130.51877777777779,-0.04918
1953-08-01,159303333.33333334,0.0005833333333333334,130.45455555555557,-0.04918
1953-09-01,159522500.0,0.0005833333333333334,130.39033333333333,-0.04918
1953-10-01,159741666.66666666,0.0005833333333333334,129.81244444444445,-0.4432
1953-11-01,159960833.33333334,0.0005833333333333334,129.23455555555554,-0.4432
1953-12-01,160180000.0,0.0005833333333333334,128.65666666666667,-0.4432
1954-01-01,160417500.0,-0.0005833333333333334,128.58722222222224,-0.053976666666666666
1954-02-01,160655000.0,-0.0005833333333333334,128.51777777777778,-0.053976666666666666
1954-03-01,160892500.0,-0.0005833333333333334,128.44833333333335,-0.053976666666666666
1954-04-01,161130000.0,-0.0005833333333333334,128.53455555555556,0.06712666666666667
1954-05-01,161367500.0,-0.0005833333333333334,128.62077777777776,0.06712666666666667
1954-06-01,161605000.0,-0.0005833333333333334,128.707,0.06712666666666667
1954-07-01,161842500.0,-0.0005833333333333334,129.24866666666665,0.4208533333333333
1954-08-01,162080000.0,-0.0005833333333333334,129.79033333333334,0.4208533333333333
1954-09-01,162317500.0,-0.0005833333333333334,130.332,0.4208533333333333
1954-10-01,162555000.0,-0.0005833333333333334,131.30288888888887,0.7449366666666667
1954-11-01,162792500.0,-0.0005833333333333334,132.27377777777778,0.7449366666666667
1954-12-01,163030000.0,-0.0005833333333333334,133.24466666666666,0.7449366666666667
1955-01-01,163271666.66666666,0.0003333333333333333,134.72677777777776,1.1123233333333333
1955-02-01,163513333.33333334,0.0003333333333333333,136.20888888888888,1.1123233333333333
1955-03-01,163755000.0,0.0003333333333333333,137.691,1.1123233333333333
1955-04-01,163996666.66666666,0.0003333333333333333,138.63088888888888,0.6826066666666667
1955-05-01,164238333.33333334,0.0003333333333333333,139.57077777777778,0.6826066666666667
1955-06-01,164480000.0,0.0003333333333333333,140.51066666666665,0.6826066666666667
1955-07-01,164721666.66666666,0.0003333333333333333,141.47611111111112,0.6870966666666667
1955-08-01,164963333.33333334,0.0003333333333333333,142.44155555555554,0.6870966666666667
1955-09-01,165205000.0,0.0003333333333333333,143.407,0.6870966666666667
1955-10-01,165446666.66666666,0.0003333333333333333,144.17044444444443,0.5323633333333333
1955-11-01,165688333.33333334,0.0003333333333333333,144.9338888888889,0.5323633333333333
1955-12-01,165930000.0,0.0003333333333333333,145.69733333333332,0.5323633333333333
1956-01-01,166177500.0,0.0025,145.9922222222222,0.20239666666666667
1956-02-01,166425000.0,0.0025,146.2871111111111,0.20239666666666667
1956-03-01,166672500.0,0.0025,146.582,0.20239666666666667
1956-04-01,166920000.0,0.0025,147.278,0.47482
1956-05-01,167167500.0,0.0025,147.974,0.47482
1956-06-01,167415000.0,0.0025,148.67,0.47482
1956-07-01,167662500.0,0.0025,149.24566666666666,0.38721
1956-08-01,167910000.0,0.0025,149.82133333333334,0.38721
1956-09-01,168157500.0,0.0025,150.397,0.38721
1956-10-01,168405000.0,0.0025,151.4272222222222,0.6850033333333333
1956-11-01,168652500.0,0.0025,152.45744444444446,0.6850033333333333
1956-12-01,168900000.0,0.0025,153.48766666666668,0.6850033333333333
1957-01-01,169156666.66666666,0.002416666666666667,154.52277777777778,0.6743933333333333
1957-02-01,169413333.33333334,0.002416666666666667,155.5578888888889,0.6743933333333333
1957-03-01,169670000.0,0.002416666666666667,156.593,0.6743933333333333
1957-04-01,169926666.66666666,0.002416666666666667,156.84255555555555,0.15936666666666668
1957-05-01,170183333.33333334,0.002416666666666667,157.0921111111111,0.15936666666666668
1957-06-01,170440000.0,0.002416666666666667,157.34166666666667,0.15936666666666668
1957-07-01,170696666.66666666,0.002416666666666667,158.17111111111112,0.52716
1957-08-01,170953333.33333334,0.002416666666666667,159.00055555555556,0.52716
1957-09-01,171210000.0,0.002416666666666667,159.83,0.52716
1957-10-01,171466666.66666666,0.002416666666666667,159.316,-0.32159333333333334
1957-11-01,171723333.33333334,0.002416666666666667,158.802,-0.32159333333333334
1957-12-01,171980000.0,0.002416666666666667,158.28799999999998,-0.32159333333333334
1958-01-01,172221666.66666666,0.0014999999999999998,157.4742222222222,-0.5141133333333333
1958-02-01,172463333.33333334,0.0014999999999999998,156.66044444444444,-0.5141133333333333
1958-03-01,172705000.0,0.0014999999999999998,155.84666666666666,-0.5141133333333333
1958-04-01,172946666.66666666,0.0014999999999999998,156.33977777777778,0.31640666666666667
1958-05-01,173188333.33333334,0.0014999999999999998,156.8328888888889,0.31640666666666667
1958-06-01,173430000.0,0.0014999999999999998,157.326,0.31640666666666667
1958-07-01,173671666.66666666,0.0014999999999999998,158.86633333333333,0.97907
1958-08-01,173913333.33333334,0.0014999999999999998,160.40666666666667,0.97907
1958-09-01,174155000.0,0.0014999999999999998,161.947,0.97907
1958-10-01,174396666.66666666,0.0014999999999999998,163.47077777777778,0.94091
1958-11-01,174638333.33333334,0.0014999999999999998,164.99455555555556,0.94091
1958-12-01,174880000.0,0.0014999999999999998,166.51833333333335,0.94091
1959-01-01,175125833.33333334,0.0014166666666666668,167.71555555555554,0.7189733333333334
1959-02-01,175371666.66666666,0.0014166666666666668,168.9127777777778,0.7189733333333334
1959-03-01,175617500.0,0.0014166666666666668,170.10999999999999,0.7189733333333334
1959-04-01,175863333.33333334,0.0014166666666666668,171.47922222222223,0.8049033333333333
1959-05-01,176109166.66666666,0.0014166666666666668,172.84844444444445,0.8049033333333333
1959-06-01,176355000.0,0.0014166666666666668,174.21766666666667,0.8049033333333333
1959-07-01,176600833.33333334,0.0014166666666666668,174.48222222222225,0.15185333333333334
1959-08-01,176846666.66666666,0.0014166666666666668,174.74677777777777,0.15185333333333334
1959-09-01,177092500.0,0.0014166666666666668,175.01133333333334,0.15185333333333334
1959-10-01,177338333.33333334,0.0014166666666666668,175.40755555555555,0.22639666666666666
1959-11-01,177584166.66666666,0.0014166666666666668,175.80377777777778,0.22639666666666666
1959-12-01,177830000.0,0.0014166666666666668,176.20000000000002,0.22639666666666666
1960-01-01,178066666.66666666,0.0011666666666666668,177.7608888888889,0.8858633333333333
1960-02-01,178303333.33333334,0.0011666666666666668,179.32177777777778,0.8858633333333333
1960-03-01,178540000.0,0.0011666666666666668,180.88266666666667,0.8858633333333333
1960-04-01,178776666.66666666,0.0011666666666666668,180.70844444444447,-0.09631666666666666
1960-05-01,179013333.33333334,0.0011666666666666668,180.5342222222222,-0.09631666666666666
1960-06-01,179250000.0,0.0011666666666666668,180.36,-0.09631666666666666
1960-07-01,179486666.66666666,0.0011666666666666668,180.86266666666668,0.27870333333333336
1960-08-01,179723333.33333334,0.0011666666666666668,181.36533333333333,0.27870333333333336
1960-09-01,179960000.0,0.0011666666666666668,181.86800000000002,0.27870333333333336
1960-10-01,180196666.66666666,0.0011666666666666668,181.26722222222224,-0.33033666666666667
1960-11-01,180433333.33333334,0.0011666666666666668,180.66644444444444,-0.33033666666666667
1960-12-01,180670000.0,0.0011666666666666668,180.06566666666666,-0.33033666666666667
1961-01-01,180921666.66666666,0.0005833333333333334,180.60133333333332,0.2974833333333333
1961-02-01,181173333.33333334,0.0005833333333333334,181.13700000000003,0.2974833333333333
1961-03-01,181425000.0,0.0005833333333333334,181.6726666666667,0.2974833333333333
1961-04-01,181676666.66666666,0.0005833333333333334,182.84233333333336,0.6438333333333334
1961-05-01,181928333.33333334,0.0005833333333333334,184.01199999999997,0.6438333333333334
1961-06-01,182180000.0,0.0005833333333333334,185.18166666666664,0.6438333333333334
1961-07-01,182431666.66666666,0.0005833333333333334,186.5282222222222,0.7271533333333333
1961-08-01,182683333.33333334,0.0005833333333333334,187.87477777777778,0.7271533333333333
1961-09-01,182935000.0,0.0005833333333333334,189.22133333333332,0.7271533333333333
1961-10-01,183186666.66666666,0.0005833333333333334,190.66,0.76031
1961-11-01,183438333.33333334,0.0005833333333333334,192.09866666666665,0.76031
1961-12-01,183690000.0,0.0005833333333333334,193.53733333333332,0.76031
1962-01-01,183927500.0,0.0010833333333333333,195.02633333333333,0.7693599999999999
1962-02-01,184165000.0,0.0010833333333333333,196.51533333333336,0.7693599999999999
1962-03-01,184402500.0,0.0010833333333333333,198.00433333333334,0.7693599999999999
1962-04-01,184640000.0,0.0010833333333333333,198.71022222222223,0.35650333333333334
1962-05-01,184877500.0,0.0010833333333333333,199.41611111111112,0.35650333333333334
1962-06-01,185115000.0,0.0010833333333333333,200.12199999999999,0.35650333333333334
1962-07-01,185352500.0,0.0010833333333333333,201.08433333333335,0.4808733333333333
1962-08-01,185590000.0,0.0010833333333333333,202.04666666666665,0.4808733333333333
1962-09-01,185827500.0,0.0010833333333333333,203.00900000000001,0.4808733333333333
1962-10-01,186065000.0,0.0010833333333333333,203.37044444444447,0.17804333333333333
1962-11-01,186302500.0,0.0010833333333333333,203.73188888888888,0.17804333333333333
1962-12-01,186540000.0,0.0010833333333333333,204.09333333333333,0.17804333333333333
1963-01-01,186765000.0,0.0013333333333333333,205.13688888888888,0.5113133333333334
1963-02-01,186990000.0,0.0013333333333333333,206.18044444444445,0.5113133333333334
1963-03-01,187215000.0,0.0013333333333333333,207.22400000000002,0.5113133333333334
1963-04-01,187440000.0,0.0013333333333333333,208.12177777777777,0.43324
1963-05-01,187665000.0,0.0013333333333333333,209.01955555555557,0.43324
1963-06-01,187890000.0,0.0013333333333333333,209.91733333333332,0.43324
1963-07-01,188115000.0,0.0013333333333333333,211.54977777777776,0.77766
1963-08-01,188340000.0,0.0013333333333333333,213.1822222222222,0.77766
1963-09-01,188565000.0,0.0013333333333333333,214.81466666666665,0.77766
1963-10-01,188790000.0,0.0013333333333333333,215.86955555555554,0.49106999999999995
1963-11-01,189015000.0,0.0013333333333333333,216.92444444444445,0.49106999999999995
1963-12-01,189240000.0,0.0013333333333333333,217.97933333333333,0.49106999999999995
1964-01-01,189460833.33333334,0.0008333333333333334,219.74422222222222,0.80966
1964-02-01,189681666.66666666,0.0008333333333333334,221.5091111111111,0.80966
1964-03-01,189902500.0,0.0008333333333333334,223.274,0.80966
1964-04-01,190123333.33333334,0.0008333333333333334,224.25755555555554,0.44051666666666667
1964-05-01,190344166.66666666,0.0008333333333333334,225.2411111111111,0.44051666666666667
1964-06-01,190565000.0,0.0008333333333333334,226.22466666666665,0.44051666666666667
1964-07-01,190785833.33333334,0.0008333333333333334,227.70877777777775,0.6560333333333334
1964-08-01,191006666.66666666,0.0008333333333333334,229.1928888888889,0.6560333333333334
1964-09-01,191227500.0,0.0008333333333333334,230.677,0.6560333333333334
1964-10-01,191448333.33333334,0.0008333333333333334,231.26455555555552,0.25471
1964-11-01,191669166.66666666,0.0008333333333333334,231.8521111111111,0.25471
1964-12-01,191890000.0,0.0008333333333333334,232.43966666666665,0.25471
1965-01-01,192090833.33333334,0.0015833333333333333,234.71422222222222,0.9785566666666666
1965-02-01,192291666.66666666,0.0015833333333333333,236.98877777777776,0.9785566666666666
1965-03-01,192492500.0,0.0015833333333333333,239.26333333333332,0.9785566666666666
1965-04-01,192693333.33333334,0.0015833333333333333,240.64122222222224,0.5758866666666667
1965-05-01,192894166.66666666,0.0015833333333333333,242.0191111111111,0.5758866666666667
1965-06-01,193095000.0,0.0015833333333333333,243.39700000000002,0.5758866666666667
1965-07-01,193295833.33333334,0.0015833333333333333,245.5227777777778,0.87338
1965-08-01,193496666.66666666,0.0015833333333333333,247.64855555555553,0.87338
1965-09-01,193697500.0,0.0015833333333333333,249.77433333333332,0.87338
1965-10-01,193898333.33333334,0.0015833333333333333,252.27811111111112,1.0024166666666667
1965-11-01,194099166.66666666,0.0015833333333333333,254.78188888888886,1.0024166666666667
1965-12-01,194300000.0,0.0015833333333333333,257.28566666666666,1.0024166666666667
1966-01-01,194488333.33333334,0.002916666666666667,259.9386666666667,1.03115
1966-02-01,194676666.66666666,0.002916666666666667,262.59166666666664,1.03115
1966-03-01,194865000.0,0.002916666666666667,265.24466666666666,1.03115
1966-04-01,195053333.33333334,0.002916666666666667,266.2721111111111,0.3873566666666666
1966-05-01,195241666.66666666,0.002916666666666667,267.29955555555557,0.3873566666666666
1966-06-01,195430000.0,0.002916666666666667,268.327,0.3873566666666666
1966-07-01,195618333.33333334,0.002916666666666667,269.9555555555556,0.60693
1966-08-01,195806666.66666666,0.002916666666666667,271.5841111111111,0.60693
1966-09-01,195995000.0,0.002916666666666667,273.2126666666667,0.60693
1966-10-01,196183333.33333334,0.002916666666666667,274.7308888888889,0.5556933333333333
1966-11-01,196371666.66666666,0.002916666666666667,276.2491111111111,0.5556933333333333
1966-12-01,196560000.0,0.002916666666666667,277.76733333333334,0.5556933333333333
1967-01-01,196739166.66666666,0.0025,278.97488888888887,0.4347366666666667
1967-02-01,196918333.33333334,0.0025,280.18244444444446,0.4347366666666667
1967-03-01,197097500.0,0.0025,281.39,0.4347366666666667
1967-04-01,197276666.66666666,0.0025,281.92477777777776,0.19005000000000002
1967-05-01,197455833.33333334,0.0025,282.45955555555554,0.19005000000000002
1967-06-01,197635000.0,0.0025,282.9943333333333,0.19005000000000002
1967-07-01,197814166.66666666,0.0025,284.79988888888886,0.6380166666666667
1967-08-01,197993333.33333334,0.0025,286.60544444444446,0.6380166666666667
1967-09-01,198172500.0,0.0025,288.411,0.6380166666666667
1967-10-01,198351666.66666666,0.0025,290.21166666666664,0.62434
1967-11-01,198530833.33333334,0.0025,292.0123333333333,0.62434
1967-12-01,198710000.0,0.0025,293.813,0.62434
1968-01-01,198876666.66666666,0.003916666666666666,296.91833333333335,1.0569066666666667
1968-02-01,199043333.33333334,0.003916666666666666,300.02366666666666,1.0569066666666667
1968-03-01,199210000.0,0.003916666666666666,303.12899999999996,1.0569066666666667
1968-04-01,199376666.66666666,0.003916666666666666,305.902,0.9147933333333333
1968-05-01,199543333.33333334,0.003916666666666666,308.675,0.9147933333333333
1968-06-01,199710000.0,0.003916666666666666,311.44800000000004,0.9147933333333333
1968-07-01,199876666.66666666,0.003916666666666666,313.27922222222224,0.58797
1968-08-01,200043333.33333334,0.003916666666666666,315.11044444444445,0.58797
1968-09-01,200210000.0,0.003916666666666666,316.94166666666666,0.58797
1968-10-01,200376666.66666666,0.003916666666666666,318.85333333333335,0.60316
1968-11-01,200543333.33333334,0.003916666666666666,320.765,0.60316
1968-12-01,200710000.0,0.003916666666666666,322.6766666666667,0.60316
1969-01-01,200874166.66666666,0.005166666666666667,325.48855555555554,0.8714266666666667
1969-02-01,201038333.33333334,0.005166666666666667,328.30044444444445,0.8714266666666667
1969-03-01,201202500.0,0.005166666666666667,331.1123333333333,0.8714266666666667
1969-04-01,201366666.66666666,0.005166666666666667,332.85488888888887,0.5262733333333333
1969-05-01,201530833.33333334,0.005166666666666667,334.5974444444444,0.5262733333333333
1969-06-01,201695000.0,0.005166666666666667,336.34,0.5262733333333333
1969-07-01,201859166.66666666,0.005166666666666667,338.6662222222222,0.6916266666666666
1969-08-01,202023333.33333334,0.005166666666666667,340.9924444444444,0.6916266666666666
1969-09-01,202187500.0,0.005166666666666667,343.3186666666666,0.6916266666666666
1969-10-01,202351666.66666666,0.005166666666666667,344.2287777777778,0.26509333333333335
1969-11-01,202515833.33333334,0.005166666666666667,345.13888888888886,0.26509333333333335
1969-12-01,202680000.0,0.005166666666666667,346.049,0.26509333333333335
1970-01-01,202877500.0,0.004666666666666667,347.49933333333337,0.4191133333333333
1970-02-01,203075000.0,0.004666666666666667,348.94966666666664,0.4191133333333333
1970-03-01,203272500.0,0.004666666666666667,350.40000000000003,0.4191133333333333
1970-04-01,203470000.0,0.004666666666666667,352.19722222222225,0.5129066666666667
1970-05-01,203667500.0,0.004666666666666667,353.99444444444447,0.5129066666666667
1970-06-01,203865000.0,0.004666666666666667,355.7916666666667,0.5129066666666667
1970-07-01,204062500.0,0.004666666666666667,357.8676666666667,0.5834866666666666
1970-08-01,204260000.0,0.004666666666666667,359.9436666666666,0.5834866666666666
1970-09-01,204457500.0,0.004666666666666667,362.01966666666664,0.5834866666666666
1970-10-01,204655000.0,0.004666666666666667,362.3028888888889,0.07823333333333334
1970-11-01,204852500.0,0.004666666666666667,362.58611111111105,0.07823333333333334
1970-12-01,205050000.0,0.004666666666666667,362.8693333333333,0.07823333333333334
1971-01-01,205267500.0,0.0027500000000000003,368.04133333333334,1.4253066666666667
1971-02-01,205485000.0,0.0027500000000000003,373.2133333333333,1.4253066666666667
1971-03-01,205702500.0,0.0027500000000000003,378.38533333333334,1.4253066666666667
1971-04-01,205920000.0,0.0027500000000000003,380.73144444444443,0.6200333333333333
1971-05-01,206137500.0,0.0027500000000000003,383.07755555555553,0.6200333333333333
1971-06-01,206355000.0,0.0027500000000000003,385.42366666666663,0.6200333333333333
1971-07-01,206572500.0,0.0027500000000000003,387.80188888888887,0.61704
1971-08-01,206790000.0,0.0027500000000000003,390.1801111111111,0.61704
1971-09-01,207007500.0,0.0027500000000000003,392.55833333333334,0.61704
1971-10-01,207225000.0,0.0027500000000000003,393.96077777777776,0.3572566666666666
1971-11-01,207442500.0,0.0027500000000000003,395.36322222222225,0.3572566666666666
1971-12-01,207660000.0,0.0027500000000000003,396.7656666666667,0.3572566666666666
1972-01-01,207846666.66666666,0.0028333333333333335,401.24477777777776,1.1289066666666667
1972-02-01,208033333.33333334,0.0028333333333333335,405.7238888888889,1.1289066666666667
1972-03-01,208220000.0,0.0028333333333333335,410.203,1.1289066666666667
1972-04-01,208406666.66666666,0.0028333333333333335,414.17633333333333,0.9686266666666666
1972-05-01,208593333.33333334,0.0028333333333333335,418.14966666666663,0.9686266666666666
1972-06-01,208780000.0,0.0028333333333333335,422.123,0.9686266666666666
1972-07-01,208966666.66666666,0.0028333333333333335,424.8115555555555,0.6369133333333333
1972-08-01,209153333.33333334,0.0028333333333333335,427.50011111111115,0.6369133333333333
1972-09-01,209340000.0,0.0028333333333333335,430.1886666666667,0.6369133333333333
1972-10-01,209526666.66666666,0.0028333333333333335,434.4484444444445,0.9902099999999999
1972-11-01,209713333.33333334,0.0028333333333333335,438.7082222222222,0.9902099999999999
1972-12-01,209900000.0,0.0028333333333333335,442.968,0.9902099999999999
1973-01-01,210067500.0,0.0072499999999999995,448.3664444444444,1.2187
1973-02-01,210235000.0,0.0072499999999999995,453.7648888888889,1.2187
1973-03-01,210402500.0,0.0072499999999999995,459.16333333333336,1.2187
1973-04-01,210570000.0,0.0072499999999999995,463.20744444444443,0.8807566666666666
1973-05-01,210737500.0,0.0072499999999999995,467.25155555555557,0.8807566666666666
1973-06-01,210905000.0,0.0072499999999999995,471.29566666666665,0.8807566666666666
1973-07-01,211072500.0,0.0072499999999999995,473.5124444444444,0.4703566666666667
1973-08-01,211240000.0,0.0072499999999999995,475.72922222222223,0.4703566666666667
1973-09-01,211407500.0,0.0072499999999999995,477.94599999999997,0.4703566666666667
1973-10-01,211575000.0,0.0072499999999999995,482.66277777777776,0.9868866666666666
1973-11-01,211742500.0,0.0072499999999999995,487.37955555555556,0.9868866666666666
1973-12-01,211910000.0,0.0072499999999999995,492.09633333333335,0.9868866666666666
1974-01-01,212071666.66666666,0.01025,493.7541111111111,0.33688
1974-02-01,212233333.33333334,0.01025,495.4118888888889,0.33688
1974-03-01,212395000.0,0.01025,497.0696666666667,0.33688
1974-04-01,212556666.66666666,0.01025,501.386,0.8683566666666667
1974-05-01,212718333.33333334,0.01025,505.70233333333334,0.8683566666666667
1974-06-01,212880000.0,0.01025,510.01866666666666,0.8683566666666667
1974-07-01,213041666.66666666,0.01025,513.3486666666666,0.6529166666666667
1974-08-01,213203333.33333334,0.01025,516.6786666666667,0.6529166666666667
1974-09-01,213365000.0,0.01025,520.0086666666667,0.6529166666666667
1974-10-01,213526666.66666666,0.01025,524.4145555555556,0.8472733333333333
1974-11-01,213688333.33333334,0.01025,528.8204444444444,0.8472733333333333
1974-12-01,213850000.0,0.01025,533.2263333333334,0.8472733333333333
1975-01-01,214026666.66666666,0.005750000000000001,535.0526666666667,0.3425066666666667
1975-02-01,214203333.33333334,0.005750000000000001,536.879,0.3425066666666667
1975-03-01,214380000.0,0.005750000000000001,538.7053333333333,0.3425066666666667
1975-04-01,214556666.66666666,0.005750000000000001,542.6761111111111,0.7370966666666666
1975-05-01,214733333.33333334,0.005750000000000001,546.6468888888888,0.7370966666666666
1975-06-01,214910000.0,0.005750000000000001,550.6176666666667,0.7370966666666666
1975-07-01,215086666.66666666,0.005750000000000001,557.0584444444445,1.1697366666666666
1975-08-01,215263333.33333334,0.005750000000000001,563.4992222222222,1.1697366666666666
1975-09-01,215440000.0,0.005750000000000001,569.9399999999999,1.1697366666666666
1975-10-01,215616666.66666666,0.005750000000000001,575.7189999999999,1.0139666666666667
1975-11-01,215793333.33333334,0.005750000000000001,581.4979999999999,1.0139666666666667
1975-12-01,215970000.0,0.005750000000000001,587.2769999999999,1.0139666666666667
1976-01-01,216142500.0,0.004083333333333334,593.7943333333334,1.1097533333333334
1976-02-01,216315000.0,0.004083333333333334,600.3116666666666,1.1097533333333334
1976-03-01,216487500.0,0.004083333333333334,606.8290000000001,1.1097533333333334
1976-04-01,216660000.0,0.004083333333333334,610.3673333333334,0.5830866666666666
1976-05-01,216832500.0,0.004083333333333334,613.9056666666667,0.5830866666666666
1976-06-01,217005000.0,0.004083333333333334,617.4440000000001,0.5830866666666666
1976-07-01,217177500.0,0.004083333333333334,621.246888888889,0.6159066666666667
1976-08-01,217350000.0,0.004083333333333334,625.0497777777778,0.6159066666666667
1976-09-01,217522500.0,0.004083333333333334,628.8526666666667,0.6159066666666667
1976-10-01,217695000.0,0.004083333333333334,634.1543333333333,0.84307
1976-11-01,217867500.0,0.004083333333333334,639.456,0.84307
1976-12-01,218040000.0,0.004083333333333334,644.7576666666666,0.84307
1977-01-01,218223333.33333334,0.005583333333333333,650.7993333333333,0.9370433333333333
1977-02-01,218406666.66666666,0.005583333333333333,656.841,0.9370433333333333
1977-03-01,218590000.0,0.005583333333333333,662.8826666666666,0.9370433333333333
1977-04-01,218773333.33333334,0.005583333333333333,670.3561111111111,1.1274166666666667
1977-05-01,218956666.66666666,0.005583333333333333,677.8295555555555,1.1274166666666667
1977-06-01,219140000.0,0.005583333333333333,685.303,1.1274166666666667
1977-07-01,219323333.33333334,0.005583333333333333,692.2545555555556,1.0143766666666667
1977-08-01,219506666.66666666,0.005583333333333333,699.2061111111111,1.0143766666666667
1977-09-01,219690000.0,0.005583333333333333,706.1576666666666,1.0143766666666667
1977-10-01,219873333.33333334,0.005583333333333333,711.2462222222222,0.7205966666666667
1977-11-01,220056666.66666666,0.005583333333333333,716.3347777777777,0.7205966666666667
1977-12-01,220240000.0,0.005583333333333333,721.4233333333333,0.7205966666666667
1978-01-01,220435000.0,0.0075,725.6999999999999,0.59281
1978-02-01,220630000.0,0.0075,729.9766666666668,0.59281
1978-03-01,220825000.0,0.0075,734.2533333333334,0.59281
1978-04-01,221020000.0,0.0075,748.5725555555556,1.9501733333333335
1978-05-01,221215000.0,0.0075,762.8917777777777,1.9501733333333335
1978-06-01,221410000.0,0.0075,777.2109999999999,1.9501733333333335
1978-07-01,221605000.0,0.0075,784.2576666666665,0.90666
1978-08-01,221800000.0,0.0075,791.3043333333334,0.90666
1978-09-01,221995000.0,0.0075,798.351,0.90666
1978-10-01,222190000.0,0.0075,807.4505555555555,1.1397933333333332
1978-11-01,222385000.0,0.0075,816.5501111111112,1.1397933333333332
1978-12-01,222580000.0,0.0075,825.6496666666667,1.1397933333333332
1979-01-01,222786666.66666666,0.011083333333333334,831.1675555555556,0.66831
1979-02-01,222993333.33333334,0.011083333333333334,836.6854444444444,0.66831
1979-03-01,223200000.0,0.011083333333333334,842.2033333333334,0.66831
1979-04-01,223406666.66666666,0.011083333333333334,849.3852222222222,0.85275
1979-05-01,223613333.33333334,0.011083333333333334,856.5671111111111,0.85275
1979-06-01,223820000.0,0.011083333333333334,863.7489999999999,0.85275
1979-07-01,224026666.66666666,0.011083333333333334,872.2287777777777,0.98174
1979-08-01,224233333.33333334,0.011083333333333334,880.7085555555556,0.98174
1979-09-01,224440000.0,0.011083333333333334,889.1883333333334,0.98174
1979-10-01,224646666.66666666,0.011083333333333334,895.4458888888889,0.7037366666666666
1979-11-01,224853333.33333334,0.011083333333333334,901.7034444444444,0.7037366666666666
1979-12-01,225060000.0,0.011083333333333334,907.9609999999999,0.7037366666666666
1980-01-01,225240000.0,0.010416666666666666,915.2897777777777,0.80717
1980-02-01,225420000.0,0.010416666666666666,922.6185555555556,0.80717
1980-03-01,225600000.0,0.010416666666666666,929.9473333333334,0.80717
1980-04-01,225780000.0,0.010416666666666666,930.7817777777777,0.08972999999999999
1980-05-01,225960000.0,0.010416666666666666,931.6162222222223,0.08972999999999999
1980-06-01,226140000.0,0.010416666666666666,932.4506666666666,0.08972999999999999
1980-07-01,226320000.0,0.010416666666666666,939.0207777777778,0.7046066666666667
1980-08-01,226500000.0,0.010416666666666666,945.5908888888889,0.7046066666666667
1980-09-01,226680000.0,0.010416666666666666,952.1610000000001,0.7046066666666667
1980-10-01,226860000.0,0.010416666666666666,966.5025555555557,1.50621
1980-11-01,227040000.0,0.010416666666666666,980.844111111111,1.50621
1980-12-01,227220000.0,0.010416666666666666,995.1856666666666,1.50621
1981-01-01,227407500.0,0.007416666666666666,1010.591111111111,1.5479966666666665
1981-02-01,227595000.0,0.007416666666666666,1025.9965555555557,1.5479966666666665
1981-03-01,227782500.0,0.007416666666666666,1041.402,1.5479966666666665
1981-04-01,227970000.0,0.007416666666666666,1045.6604444444445,0.4089133333333333
1981-05-01,228157500.0,0.007416666666666666,1049.918888888889,0.4089133333333333
1981-06-01,228345000.0,0.007416666666666666,1054.1773333333333,0.4089133333333333
1981-07-01,228532500.0,0.007416666666666666,1065.0747777777779,1.03374
1981-08-01,228720000.0,0.007416666666666666,1075.9722222222222,1.03374
1981-09-01,228907500.0,0.007416666666666666,1086.8696666666667,1.03374
1981-10-01,229095000.0,0.007416666666666666,1089.115111111111,0.20659666666666665
1981-11-01,229282500.0,0.007416666666666666,1091.3605555555557,0.20659666666666665
1981-12-01,229470000.0,0.007416666666666666,1093.606,0.20659666666666665
1982-01-01,229652500.0,0.0031666666666666666,1092.882,-0.06620333333333334
1982-02-01,229835000.0,0.0031666666666666666,1092.1580000000001,-0.06620333333333334
1982-03-01,230017500.0,0.0031666666666666666,1091.434,-0.06620333333333334
1982-04-01,230200000.0,0.0031666666666666666,1097.841777777778,0.5870966666666667
1982-05-01,230382500.0,0.0031666666666666666,1104.2495555555556,0.5870966666666667
1982-06-01,230565000.0,0.0031666666666666666,1110.6573333333333,0.5870966666666667
1982-07-01,230747500.0,0.0031666666666666666,1114.474,0.34364
1982-08-01,230930000.0,0.0031666666666666666,1118.2906666666668,0.34364
1982-09-01,231112500.0,0.0031666666666666666,1122.1073333333334,0.34364
1982-10-01,231295000.0,0.0031666666666666666,1126.1338888888888,0.35884
1982-11-01,231477500.0,0.0031666666666666666,1130.1604444444445,0.35884
1982-12-01,231660000.0,0.0031666666666666666,1134.1870000000001,0.35884
1983-01-01,231837500.0,0.0031666666666666666,1142.0594444444444,0.6941033333333334
1983-02-01,232015000.0,0.0031666666666666666,1149.931888888889,0.6941033333333334
1983-03-01,232192500.0,0.0031666666666666666,1157.8043333333333,0.6941033333333334
1983-04-01,232370000.0,0.0031666666666666666,1169.5193333333334,1.01183
1983-05-01,232547500.0,0.0031666666666666666,1181.2343333333333,1.01183
1983-06-01,232725000.0,0.0031666666666666666,1192.9493333333332,1.01183
1983-07-01,232902500.0,0.0031666666666666666,1205.2083333333333,1.02762
1983-08-01,233080000.0,0.0031666666666666666,1217.4673333333333,1.02762
1983-09-01,233257500.0,0.0031666666666666666,1229.7263333333333,1.02762
1983-10-01,233435000.0,0.0031666666666666666,1241.4515555555556,0.9534833333333333
1983-11-01,233612500.0,0.0031666666666666666,1253.176777777778,0.9534833333333333
1983-12-01,233790000.0,0.0031666666666666666,1264.902,0.9534833333333333
1984-01-01,233959166.66666666,0.00325,1277.4962222222223,0.9956666666666667
1984-02-01,234128333.33333334,0.00325,1290.0904444444445,0.9956666666666667
1984-03-01,234297500.0,0.00325,1302.6846666666668,0.9956666666666667
1984-04-01,234466666.66666666,0.00325,1313.9676666666667,0.8661333333333333
1984-05-01,234635833.33333334,0.00325,1325.2506666666666,0.8661333333333333
1984-06-01,234805000.0,0.00325,1336.5336666666667,0.8661333333333333
1984-07-01,234974166.66666666,0.00325,1344.828,0.6205866666666667
1984-08-01,235143333.33333334,0.00325,1353.1223333333335,0.6205866666666667
1984-09-01,235312500.0,0.00325,1361.4166666666667,0.6205866666666667
1984-10-01,235481666.66666666,0.00325,1368.5612222222223,0.5247866666666666
1984-11-01,235650833.33333334,0.00325,1375.705777777778,0.5247866666666666
1984-12-01,235820000.0,0.00325,1382.8503333333335,0.5247866666666666
1985-01-01,235995000.0,0.0031666666666666666,1391.9188888888891,0.6557866666666666
1985-02-01,236170000.0,0.0031666666666666666,1400.9874444444442,0.6557866666666666
1985-03-01,236345000.0,0.0031666666666666666,1410.0559999999998,0.6557866666666666
1985-04-01,236520000.0,0.0031666666666666666,1417.247,0.50998
1985-05-01,236695000.0,0.0031666666666666666,1424.4379999999999,0.50998
1985-06-01,236870000.0,0.0031666666666666666,1431.629,0.50998
1985-07-01,237045000.0,0.0031666666666666666,1441.8385555555553,0.7131433333333334
1985-08-01,237220000.0,0.0031666666666666666,1452.0481111111112,0.7131433333333334
1985-09-01,237395000.0,0.0031666666666666666,1462.2576666666666,0.7131433333333334
1985-10-01,237570000.0,0.0031666666666666666,1468.6266666666668,0.43556
1985-11-01,237745000.0,0.0031666666666666666,1474.9956666666667,0.43556
1985-12-01,237920000.0,0.0031666666666666666,1481.3646666666666,0.43556
1986-01-01,238104166.66666666,0.0009166666666666666,1488.4535555555556,0.47853666666666667
1986-02-01,238288333.33333334,0.0009166666666666666,1495.5424444444445,0.47853666666666667
1986-03-01,238472500.0,0.0009166666666666666,1502.6313333333335,0.47853666666666667
1986-04-01,238656666.66666666,0.0009166666666666666,1506.7920000000001,0.2768933333333333
1986-05-01,238840833.33333334,0.0009166666666666666,1510.9526666666668,0.2768933333333333
1986-06-01,239025000.0,0.0009166666666666666,1515.1133333333335,0.2768933333333333
1986-07-01,239209166.66666666,0.0009166666666666666,1522.0387777777778,0.45709
1986-08-01,239393333.33333334,0.0009166666666666666,1528.9642222222221,0.45709
1986-09-01,239577500.0,0.0009166666666666666,1535.8896666666667,0.45709
1986-10-01,239761666.66666666,0.0009166666666666666,1541.4405555555556,0.36141333333333336
1986-11-01,239945833.33333334,0.0009166666666666666,1546.9914444444446,0.36141333333333336
1986-12-01,240130000.0,0.0009166666666666666,1552.5423333333335,0.36141333333333336
1987-01-01,240310000.0,0.0036666666666666666,1559.7122222222224,0.4618166666666667
1987-02-01,240490000.0,0.0036666666666666666,1566.882111111111,0.4618166666666667
1987-03-01,240670000.0,0.0036666666666666666,1574.052,0.4618166666666667
1987-04-01,240850000.0,0.0036666666666666666,1583.3857777777778,0.5929766666666666
1987-05-01,241030000.0,0.0036666666666666666,1592.7195555555554,0.5929766666666666
1987-06-01,241210000.0,0.0036666666666666666,1602.0533333333333,0.5929766666666666
1987-07-01,241390000.0,0.0036666666666666666,1610.763888888889,0.5437133333333334
1987-08-01,241570000.0,0.0036666666666666666,1619.4744444444443,0.5437133333333334
1987-09-01,241750000.0,0.0036666666666666666,1628.1850000000002,0.5437133333333334
1987-10-01,241930000.0,0.0036666666666666666,1641.9004444444445,0.8423766666666667
1987-11-01,242110000.0,0.0036666666666666666,1655.6158888888888,0.8423766666666667
1987-12-01,242290000.0,0.0036666666666666666,1669.3313333333333,0.8423766666666667
1988-01-01,242474166.66666666,0.0036666666666666666,1676.5955555555556,0.43515666666666664
1988-02-01,242658333.33333334,0.0036666666666666666,1683.8597777777777,0.43515666666666664
1988-03-01,242842500.0,0.0036666666666666666,1691.124,0.43515666666666664
1988-04-01,243026666.66666666,0.0036666666666666666,1704.0866666666668,0.7665133333333333
1988-05-01,243210833.33333334,0.0036666666666666666,1717.0493333333334,0.7665133333333333
1988-06-01,243395000.0,0.0036666666666666666,1730.012,0.7665133333333333
1988-07-01,243579166.66666666,0.0036666666666666666,1740.323,0.5960066666666667
1988-08-01,243763333.33333334,0.0036666666666666666,1750.634,0.5960066666666667
1988-09-01,243947500.0,0.0036666666666666666,1760.945,0.5960066666666667
1988-10-01,244131666.66666666,0.0036666666666666666,1773.9087777777777,0.7361833333333333
1988-11-01,244315833.33333334,0.0036666666666666666,1786.8725555555557,0.7361833333333333
1988-12-01,244500000.0,0.0036666666666666666,1799.8363333333334,0.7361833333333333
1989-01-01,244693333.33333334,0.003833333333333333,1812.2523333333331,0.6898399999999999
1989-02-01,244886666.66666666,0.003833333333333333,1824.6683333333333,0.6898399999999999
1989-03-01,245080000.0,0.003833333333333333,1837.0843333333332,0.6898399999999999
1989-04-01,245273333.33333334,0.003833333333333333,1848.3298888888887,0.61214
1989-05-01,245466666.66666666,0.003833333333333333,1859.5754444444444,0.61214
1989-06-01,245660000.0,0.003833333333333333,1870.821,0.61214
1989-07-01,245853333.33333334,0.003833333333333333,1880.0323333333333,0.49237
1989-08-01,246046666.66666666,0.003833333333333333,1889.2436666666665,0.49237
1989-09-01,246240000.0,0.003833333333333333,1898.455,0.49237
1989-10-01,246433333.33333334,0.003833333333333333,1904.2185555555554,0.3035933333333333
1989-11-01,246626666.66666666,0.003833333333333333,1909.9821111111112,0.3035933333333333
1989-12-01,246820000.0,0.003833333333333333,1915.7456666666667,0.3035933333333333
1990-01-01,247053333.33333334,0.005083333333333333,1929.6861111111111,0.7276766666666666
1990-02-01,247286666.66666666,0.005083333333333333,1943.6265555555556,0.7276766666666666
1990-03-01,247520000.0,0.005083333333333333,1957.567,0.7276766666666666
1990-04-01,247753333.33333334,0.005083333333333333,1967.2700000000002,0.4956666666666667
1990-05-01,247986666.66666666,0.005083333333333333,1976.973,0.4956666666666667
1990-06-01,248220000.0,0.005083333333333333,1986.6760000000002,0.4956666666666667
1990-07-01,248453333.33333334,0.005083333333333333,1992.796888888889,0.30809666666666663
1990-08-01,248686666.66666666,0.005083333333333333,1998.9177777777777,0.30809666666666663
1990-09-01,248920000.0,0.005083333333333333,2005.0386666666666,0.30809666666666663
1990-10-01,249153333.33333334,0.005083333333333333,2003.885,-0.05754
1990-11-01,249386666.66666666,0.005083333333333333,2002.7313333333334,-0.05754
1990-12-01,249620000.0,0.005083333333333333,2001.5776666666668,-0.05754
1991-01-01,249900000.0,0.0025833333333333333,2004.9604444444446,0.16900666666666667
1991-02-01,250180000.0,0.0025833333333333333,2008.343222222222,0.16900666666666667
1991-03-01,250460000.0,0.0025833333333333333,2011.7259999999999,0.16900666666666667
1991-04-01,250740000.0,0.0025833333333333333,2021.913111111111,0.5063866666666667
1991-05-01,251020000.0,0.0025833333333333333,2032.1002222222223,0.5063866666666667
1991-06-01,251300000.0,0.0025833333333333333,2042.2873333333334,0.5063866666666667
1991-07-01,251580000.0,0.0025833333333333333,2051.0734444444447,0.43021
1991-08-01,251860000.0,0.0025833333333333333,2059.8595555555553,0.43021
1991-09-01,252140000.0,0.0025833333333333333,2068.645666666667,0.43021
1991-10-01,252420000.0,0.0025833333333333333,2075.157111111111,0.31477
1991-11-01,252700000.0,0.0025833333333333333,2081.6685555555555,0.31477
1991-12-01,252980000.0,0.0025833333333333333,2088.18,0.31477
1992-01-01,253274166.66666666,0.002416666666666667,2099.1313333333333,0.5244433333333333
1992-02-01,253568333.33333334,0.002416666666666667,2110.0826666666667,0.5244433333333333
1992-03-01,253862500.0,0.002416666666666667,2121.034,0.5244433333333333
1992-04-01,254156666.66666666,0.002416666666666667,2132.996333333333,0.5639866666666666
1992-05-01,254450833.33333334,0.002416666666666667,2144.958666666667,0.5639866666666666
1992-06-01,254745000.0,0.002416666666666667,2156.921,0.5639866666666666
1992-07-01,255039166.66666666,0.002416666666666667,2167.574111111111,0.49390333333333336
1992-08-01,255333333.33333334,0.002416666666666667,2178.2272222222223,0.49390333333333336
1992-09-01,255627500.0,0.002416666666666667,2188.880333333333,0.49390333333333336
1992-10-01,255921666.66666666,0.002416666666666667,2201.565,0.5795033333333334
1992-11-01,256215833.33333334,0.002416666666666667,2214.2496666666666,0.5795033333333334
1992-12-01,256510000.0,0.002416666666666667,2226.934333333333,0.5795033333333334
1993-01-01,256794166.66666666,0.00225,2232.3405555555555,0.24276666666666666
1993-02-01,257078333.33333334,0.00225,2237.746777777778,0.24276666666666666
1993-03-01,257362500.0,0.00225,2243.153,0.24276666666666666
1993-04-01,257646666.66666666,0.00225,2251.9841111111114,0.3936933333333333
1993-05-01,257930833.33333334,0.00225,2260.815222222222,0.3936933333333333
1993-06-01,258215000.0,0.00225,2269.6463333333336,0.3936933333333333
1993-07-01,258499166.66666666,0.00225,2277.775111111111,0.3581533333333333
1993-08-01,258783333.33333334,0.00225,2285.903888888889,0.3581533333333333
1993-09-01,259067500.0,0.00225,2294.0326666666665,0.3581533333333333
1993-10-01,259351666.66666666,0.00225,2308.6593333333335,0.6375966666666667
1993-11-01,259635833.33333334,0.00225,2323.286,0.6375966666666667
1993-12-01,259920000.0,0.00225,2337.9126666666666,0.6375966666666667
1994-01-01,260187500.0,0.00225,2349.2364444444443,0.48435333333333336
1994-02-01,260455000.0,0.00225,2360.5602222222224,0.48435333333333336
1994-03-01,260722500.0,0.00225,2371.884,0.48435333333333336
1994-04-01,260990000.0,0.00225,2386.4705555555556,0.6149766666666666
1994-05-01,261257500.0,0.00225,2401.0571111111108,0.6149766666666666
1994-06-01,261525000.0,0.00225,2415.6436666666664,0.6149766666666666
1994-07-01,261792500.0,0.00225,2424.993,0.38703333333333334
1994-08-01,262060000.0,0.00225,2434.3423333333335,0.38703333333333334
1994-09-01,262327500.0,0.00225,2443.6916666666666,0.38703333333333334
1994-10-01,262595000.0,0.00225,2457.493111111111,0.56478
1994-11-01,262862500.0,0.00225,2471.2945555555557,0.56478
1994-12-01,263130000.0,0.00225,2485.096,0.56478
1995-01-01,263392500.0,0.0020833333333333333,2492.5405555555553,0.2995666666666667
1995-02-01,263655000.0,0.0020833333333333333,2499.985111111111,0.2995666666666667
1995-03-01,263917500.0,0.0020833333333333333,2507.4296666666664,0.2995666666666667
1995-04-01,264180000.0,0.0020833333333333333,2513.952777777778,0.26015
1995-05-01,264442500.0,0.0020833333333333333,2520.4758888888887,0.26015
1995-06-01,264705000.0,0.0020833333333333333,2526.9990000000003,0.26015
1995-07-01,264967500.0,0.0020833333333333333,2538.3465555555554,0.4490533333333333
1995-08-01,265230000.0,0.0020833333333333333,2549.6941111111114,0.4490533333333333
1995-09-01,265492500.0,0.0020833333333333333,2561.0416666666665,0.4490533333333333
1995-10-01,265755000.0,0.0020833333333333333,2570.9817777777776,0.3881266666666667
1995-11-01,266017500.0,0.0020833333333333333,2580.921888888889,0.3881266666666667
1995-12-01,266280000.0,0.0020833333333333333,2590.862,0.3881266666666667
1996-01-01,266539166.66666666,0.0027500000000000003,2601.5155555555557,0.41119666666666665
1996-02-01,266798333.33333334,0.0027500000000000003,2612.169111111111,0.41119666666666665
1996-03-01,267057500.0,0.0027500000000000003,2622.8226666666665,0.41119666666666665
1996-04-01,267316666.66666666,0.0027500000000000003,2641.086222222222,0.6963333333333334
1996-05-01,267575833.33333334,0.0027500000000000003,2659.349777777778,0.6963333333333334
1996-06-01,267835000.0,0.0027500000000000003,2677.6133333333332,0.6963333333333334
1996-07-01,268094166.66666666,0.0027500000000000003,2688.5653333333335,0.40902
1996-08-01,268353333.33333334,0.0027500000000000003,2699.5173333333337,0.40902
1996-09-01,268612500.0,0.0027500000000000003,2710.4693333333335,0.40902
1996-10-01,268871666.6666667,0.0027500000000000003,2724.731888888889,0.5262033333333334
1996-11-01,269130833.3333333,0.0027500000000000003,2738.9944444444445,0.5262033333333334
1996-12-01,269390000.0,0.0027500000000000003,2753.257,0.5262033333333334
1997-01-01,269661666.6666667,0.0014166666666666668,2764.688555555556,0.4152
1997-02-01,269933333.3333333,0.0014166666666666668,2776.1201111111113,0.4152
1997-03-01,270205000.0,0.0014166666666666668,2787.5516666666667,0.4152
1997-04-01,270476666.6666667,0.0014166666666666668,2804.9038888888895,0.62249
1997-05-01,270748333.3333333,0.0014166666666666668,2822.2561111111113,0.62249
1997-06-01,271020000.0,0.0014166666666666668,2839.6083333333336,0.62249
1997-07-01,271291666.6666667,0.0014166666666666668,2855.608111111111,0.56345
1997-08-01,271563333.3333333,0.0014166666666666668,2871.607888888889,0.56345
1997-09-01,271835000.0,0.0014166666666666668,2887.607666666667,0.56345
1997-10-01,272106666.6666667,0.0014166666666666668,2899.061444444444,0.3966533333333333
1997-11-01,272378333.3333333,0.0014166666666666668,2910.5152222222223,0.3966533333333333
1997-12-01,272650000.0,0.0014166666666666668,2921.9689999999996,0.3966533333333333
1998-01-01,272916666.6666667,0.0013333333333333333,2933.1437777777774,0.38243999999999995
1998-02-01,273183333.3333333,0.0013333333333333333,2944.3185555555556,0.38243999999999995
1998-03-01,273450000.0,0.0013333333333333333,2955.4933333333333,0.38243999999999995
1998-04-01,273716666.6666667,0.0013333333333333333,2966.9621111111114,0.38805
1998-05-01,273983333.3333333,0.0013333333333333333,2978.4308888888886,0.38805
1998-06-01,274250000.0,0.0013333333333333333,2989.8996666666667,0.38805
1998-07-01,274516666.6666667,0.0013333333333333333,3006.721666666667,0.5626266666666667
1998-08-01,274783333.3333333,0.0013333333333333333,3023.5436666666665,0.5626266666666667
1998-09-01,275050000.0,0.0013333333333333333,3040.3656666666666,0.5626266666666667
1998-10-01,275316666.6666667,0.0013333333333333333,3059.576111111111,0.6318466666666667
1998-11-01,275583333.3333333,0.0013333333333333333,3078.786555555556,0.6318466666666667
1998-12-01,275850000.0,0.0013333333333333333,3097.997,0.6318466666666667
1999-01-01,276115833.3333333,0.00225,3111.0737777777777,0.42210333333333333
1999-02-01,276381666.6666667,0.00225,3124.150555555556,0.42210333333333333
1999-03-01,276647500.0,0.00225,3137.2273333333337,0.42210333333333333
1999-04-01,276913333.3333333,0.00225,3149.9526666666666,0.4056233333333333
1999-05-01,277179166.6666667,0.00225,3162.678,0.4056233333333333
1999-06-01,277445000.0,0.00225,3175.403333333333,0.4056233333333333
1999-07-01,277710833.3333333,0.00225,3193.227333333333,0.5613133333333333
1999-08-01,277976666.6666667,0.00225,3211.0513333333333,0.5613133333333333
1999-09-01,278242500.0,0.00225,3228.8753333333334,0.5613133333333333
1999-10-01,278508333.3333333,0.00225,3252.6023333333337,0.7348366666666667
1999-11-01,278774166.6666667,0.00225,3276.329333333333,0.7348366666666667
1999-12-01,279040000.0,0.00225,3300.0563333333334,0.7348366666666667
2000-01-01,279300000.0,0.0028333333333333335,3311.390777777778,0.3434633333333333
2000-02-01,279560000.0,0.0028333333333333335,3322.725222222222,0.3434633333333333
2000-03-01,279820000.0,0.0028333333333333335,3334.0596666666665,0.3434633333333333
2000-04-01,280080000.0,0.0028333333333333335,3361.342,0.8182933333333334
2000-05-01,280340000.0,0.0028333333333333335,3388.624333333333,0.8182933333333334
2000-06-01,280600000.0,0.0028333333333333335,3415.9066666666663,0.8182933333333334
2000-07-01,280860000.0,0.0028333333333333335,3423.7338888888885,0.22914
2000-08-01,281120000.0,0.0028333333333333335,3431.5611111111116,0.22914
2000-09-01,281380000.0,0.0028333333333333335,3439.388333333334,0.22914
2000-10-01,281640000.0,0.0028333333333333335,3452.4526666666666,0.3798433333333333
2000-11-01,281900000.0,0.0028333333333333335,3465.5170000000003,0.3798433333333333
2000-12-01,282160000.0,0.0028333333333333335,3478.5813333333335,0.3798433333333333
2001-01-01,282394166.6666667,0.0013333333333333333,3482.413222222222,0.11015666666666667
2001-02-01,282628333.3333333,0.0013333333333333333,3486.2451111111113,0.11015666666666667
2001-03-01,282862500.0,0.0013333333333333333,3490.0769999999998,0.11015666666666667
2001-04-01,283096666.6666667,0.0013333333333333333,3504.384666666667,0.40995333333333334
2001-05-01,283330833.3333333,0.0013333333333333333,3518.692333333333,0.40995333333333334
2001-06-01,283565000.0,0.0013333333333333333,3533.0,0.40995333333333334
2001-07-01,283799166.6666667,0.0013333333333333333,3532.8911111111115,-0.0030833333333333333
2001-08-01,284033333.3333333,0.0013333333333333333,3532.782222222222,-0.0030833333333333333
2001-09-01,284267500.0,0.0013333333333333333,3532.6733333333336,-0.0030833333333333333
2001-10-01,284501666.6666667,0.0013333333333333333,3539.611666666667,0.19640333333333335
2001-11-01,284735833.3333333,0.0013333333333333333,3546.5499999999997,0.19640333333333335
2001-12-01,284970000.0,0.0013333333333333333,3553.4883333333332,0.19640333333333335
2002-01-01,285191666.6666667,0.002,3567.158888888889,0.3847066666666667
2002-02-01,285413333.3333333,0.002,3580.829444444444,0.3847066666666667
2002-03-01,285635000.0,0.002,3594.5,0.3847066666666667
2002-04-01,285856666.6666667,0.002,3606.0511111111114,0.3213566666666667
2002-05-01,286078333.3333333,0.002,3617.602222222222,0.3213566666666667
2002-06-01,286300000.0,0.002,3629.153333333333,0.3213566666666667
2002-07-01,286521666.6666667,0.002,3639.8844444444444,0.2956933333333333
2002-08-01,286743333.3333333,0.002,3650.6155555555556,0.2956933333333333
2002-09-01,286965000.0,0.002,3661.346666666667,0.2956933333333333
2002-10-01,287186666.6666667,0.002,3669.9458888888894,0.23486666666666667
2002-11-01,287408333.3333333,0.002,3678.545111111111,0.23486666666666667
2002-12-01,287630000.0,0.002,3687.1443333333336,0.23486666666666667
2003-01-01,287836666.6666667,0.0015833333333333333,3699.6661111111116,0.33960666666666667
2003-02-01,288043333.3333333,0.0015833333333333333,3712.187888888889,0.33960666666666667
2003-03-01,288250000.0,0.0015833333333333333,3724.709666666667,0.33960666666666667
2003-04-01,288456666.6666667,0.0015833333333333333,3740.113777777778,0.41356666666666664
2003-05-01,288663333.3333333,0.0015833333333333333,3755.517888888889,0.41356666666666664
2003-06-01,288870000.0,0.0015833333333333333,3770.922,0.41356666666666664
2003-07-01,289076666.6666667,0.0015833333333333333,3799.133444444444,0.7481300000000001
2003-08-01,289283333.3333333,0.0015833333333333333,3827.344888888889,0.7481300000000001
2003-09-01,289490000.0,0.0015833333333333333,3855.5563333333334,0.7481300000000001
2003-10-01,289696666.6666667,0.0015833333333333333,3878.396888888889,0.5924066666666666
2003-11-01,289903333.3333333,0.0015833333333333333,3901.2374444444445,0.5924066666666666
2003-12-01,290110000.0,0.0015833333333333333,3924.078,0.5924066666666666
2004-01-01,290335000.0,0.0027500000000000003,3940.8794444444447,0.4281633333333333
2004-02-01,290560000.0,0.0027500000000000003,3957.6808888888886,0.4281633333333333
2004-03-01,290785000.0,0.0027500000000000003,3974.4823333333334,0.4281633333333333
2004-04-01,291010000.0,0.0027500000000000003,3995.523222222222,0.5294
2004-05-01,291235000.0,0.0027500000000000003,4016.5641111111113,0.5294
2004-06-01,291460000.0,0.0027500000000000003,4037.605,0.5294
2004-07-01,291685000.0,0.0027500000000000003,4058.9930000000004,0.52972
2004-08-01,291910000.0,0.0027500000000000003,4080.381,0.52972
2004-09-01,292135000.0,0.0027500000000000003,4101.769,0.52972
2004-10-01,292360000.0,0.0027500000000000003,4126.425333333334,0.6011133333333333
2004-11-01,292585000.0,0.0027500000000000003,4151.081666666667,0.6011133333333333
2004-12-01,292810000.0,0.0027500000000000003,4175.738,0.6011133333333333
2005-01-01,293035833.3333333,0.0028333333333333335,4202.412666666666,0.6388
2005-02-01,293261666.6666667,0.0028333333333333335,4229.087333333334,0.6388
2005-03-01,293487500.0,0.0028333333333333335,4255.762,0.6388
2005-04-01,293713333.3333333,0.0028333333333333335,4273.025333333334,0.40564666666666666
2005-05-01,293939166.6666667,0.0028333333333333335,4290.288666666666,0.40564666666666666
2005-06-01,294165000.0,0.0028333333333333335,4307.552000000001,0.40564666666666666
2005-07-01,294390833.3333333,0.0028333333333333335,4331.994888888889,0.5674433333333333
2005-08-01,294616666.6666667,0.0028333333333333335,4356.437777777778,0.5674433333333333
2005-09-01,294842500.0,0.0028333333333333335,4380.880666666667,0.5674433333333333
2005-10-01,295068333.3333333,0.0028333333333333335,4401.054222222222,0.46049
2005-11-01,295294166.6666667,0.0028333333333333335,4421.227777777777,0.46049
2005-12-01,295520000.0,0.0028333333333333335,4441.401333333333,0.46049
2006-01-01,295758333.3333333,0.0020833333333333333,4471.952,0.68786
2006-02-01,295996666.6666667,0.0020833333333333333,4502.502666666666,0.68786
2006-03-01,296235000.0,0.0020833333333333333,4533.053333333333,0.68786
2006-04-01,296473333.3333333,0.0020833333333333333,4550.1937777777775,0.37812
2006-05-01,296711666.6666667,0.0020833333333333333,4567.334222222223,0.37812
2006-06-01,296950000.0,0.0020833333333333333,4584.474666666667,0.37812
2006-07-01,297188333.3333333,0.0020833333333333333,4597.448444444445,0.2829933333333333
2006-08-01,297426666.6666667,0.0020833333333333333,4610.422222222222,0.2829933333333333
2006-09-01,297665000.0,0.0020833333333333333,4623.396,0.2829933333333333
2006-10-01,297903333.3333333,0.0020833333333333333,4642.215111111112,0.40704
2006-11-01,298141666.6666667,0.0020833333333333333,4661.034222222222,0.40704
2006-12-01,298380000.0,0.0020833333333333333,4679.8533333333335,0.40704
2007-01-01,298617500.0,0.003416666666666667,4699.419,0.41808333333333336
2007-02-01,298855000.0,0.003416666666666667,4718.984666666666,0.41808333333333336
2007-03-01,299092500.0,0.003416666666666667,4738.550333333334,0.41808333333333336
2007-04-01,299330000.0,0.003416666666666667,4759.264888888889,0.43715
2007-05-01,299567500.0,0.003416666666666667,4779.979444444444,0.43715
2007-06-01,299805000.0,0.003416666666666667,4800.694,0.43715
2007-07-01,300042500.0,0.003416666666666667,4818.697888888889,0.3750266666666667
2007-08-01,300280000.0,0.003416666666666667,4836.701777777777,0.3750266666666667
2007-09-01,300517500.0,0.003416666666666667,4854.705666666667,0.3750266666666667
2007-10-01,300755000.0,0.003416666666666667,4871.476888888889,0.3454633333333333
2007-11-01,300992500.0,0.003416666666666667,4888.248111111111,0.3454633333333333
2007-12-01,301230000.0,0.003416666666666667,4905.019333333334,0.3454633333333333
2008-01-01,301468333.3333333,8.333333333333333e-05,4904.072666666667,-0.0193
2008-02-01,301706666.6666667,8.333333333333333e-05,4903.126,-0.0193
2008-03-01,301945000.0,8.333333333333333e-05,4902.1793333333335,-0.0193
2008-04-01,302183333.3333333,8.333333333333333e-05,4919.864111111111,0.3607533333333333
2008-05-01,302421666.6666667,8.333333333333333e-05,4937.5488888888885,0.3607533333333333
2008-06-01,302660000.0,8.333333333333333e-05,4955.233666666666,0.3607533333333333
2008-07-01,302898333.3333333,8.333333333333333e-05,4958.933444444444,0.07466333333333333
2008-08-01,303136666.6666667,8.333333333333333e-05,4962.633222222222,0.07466333333333333
2008-09-01,303375000.0,8.333333333333333e-05,4966.333,0.07466333333333333
2008-10-01,303613333.3333333,8.333333333333333e-05,4934.022888888889,-0.6505833333333334
2008-11-01,303851666.6666667,8.333333333333333e-05,4901.712777777778,-0.6505833333333334
2008-12-01,304090000.0,8.333333333333333e-05,4869.402666666667,-0.6505833333333334
2009-01-01,304313333.3333333,0.00225,4849.701888888889,-0.40458333333333335
2009-02-01,304536666.6666667,0.00225,4830.001111111112,-0.40458333333333335
2009-03-01,304760000.0,0.00225,4810.300333333334,-0.40458333333333335
2009-04-01,304983333.3333333,0.00225,4804.782,-0.11472
2009-05-01,305206666.6666667,0.00225,4799.263666666667,-0.11472
2009-06-01,305430000.0,0.00225,4793.745333333333,-0.11472
2009-07-01,305653333.3333333,0.00225,4801.261555555556,0.15679333333333334
2009-08-01,305876666.6666667,0.00225,4808.777777777778,0.15679333333333334
2009-09-01,306100000.0,0.00225,4816.294,0.15679333333333334
2009-10-01,306323333.3333333,0.00225,4838.779111111111,0.4668566666666667
2009-11-01,306546666.6666667,0.00225,4861.264222222222,0.4668566666666667
2009-12-01,306770000.0,0.00225,4883.749333333333,0.4668566666666667
2010-01-01,306982500.0,0.00125,4896.345222222222,0.25791333333333333
2010-02-01,307195000.0,0.00125,4908.941111111111,0.25791333333333333
2010-03-01,307407500.0,0.00125,4921.537,0.25791333333333333
2010-04-01,307620000.0,0.00125,4945.490555555555,0.48671
2010-05-01,307832500.0,0.00125,4969.444111111111,0.48671
2010-06-01,308045000.0,0.00125,4993.397666666667,0.48671
2010-07-01,308257500.0,0.00125,5011.332333333333,0.35916666666666663
2010-08-01,308470000.0,0.00125,5029.267,0.35916666666666663
2010-09-01,308682500.0,0.00125,5047.201666666667,0.35916666666666663
2010-10-01,308895000.0,0.00125,5065.853444444444,0.3695466666666667
2010-11-01,309107500.0,0.00125,5084.505222222222,0.3695466666666667
2010-12-01,309320000.0,0.00125,5103.157,0.3695466666666667
2011-01-01,309506666.6666667,0.0025,5107.8206666666665,0.09138666666666667
2011-02-01,309693333.3333333,0.0025,5112.484333333333,0.09138666666666667
2011-03-01,309880000.0,0.0025,5117.148,0.09138666666666667
2011-04-01,310066666.6666667,0.0025,5140.047,0.44749666666666665
2011-05-01,310253333.3333333,0.0025,5162.946,0.44749666666666665
2011-06-01,310440000.0,0.0025,5185.845,0.44749666666666665
2011-07-01,310626666.6666667,0.0025,5195.861222222223,0.19314666666666666
2011-08-01,310813333.3333333,0.0025,5205.877444444444,0.19314666666666666
2011-09-01,311000000.0,0.0025,5215.893666666667,0.19314666666666666
2011-10-01,311186666.6666667,0.0025,5237.5143333333335,0.41451666666666664
2011-11-01,311373333.3333333,0.0025,5259.135,0.41451666666666664
2011-12-01,311560000.0,0.0025,5280.755666666667,0.41451666666666664
2012-01-01,311749166.6666667,0.0014166666666666668,5305.928666666667,0.47669333333333336
2012-02-01,311938333.3333333,0.0014166666666666668,5331.1016666666665,0.47669333333333336
2012-03-01,312127500.0,0.0014166666666666668,5356.274666666667,0.47669333333333336
2012-04-01,312316666.6666667,0.0014166666666666668,5371.642,0.28690333333333334
2012-05-01,312505833.3333333,0.0014166666666666668,5387.009333333333,0.28690333333333334
2012-06-01,312695000.0,0.0014166666666666668,5402.376666666666,0.28690333333333334
2012-07-01,312884166.6666667,0.0014166666666666668,5414.866666666667,0.23119333333333333
2012-08-01,313073333.3333333,0.0014166666666666668,5427.356666666667,0.23119333333333333
2012-09-01,313262500.0,0.0014166666666666668,5439.846666666667,0.23119333333333333
2012-10-01,313451666.6666667,0.0014166666666666668,5451.051777777778,0.20598333333333332
2012-11-01,313640833.3333333,0.0014166666666666668,5462.256888888889,0.20598333333333332
2012-12-01,313830000.0,0.0014166666666666668,5473.4619999999995,0.20598333333333332
2013-01-01,314010000.0,0.00125,5496.6468888888885,0.4235866666666666
2013-02-01,314190000.0,0.00125,5519.8317777777775,0.4235866666666666
2013-03-01,314370000.0,0.00125,5543.016666666666,0.4235866666666666
2013-04-01,314550000.0,0.00125,5550.850111111111,0.14132
2013-05-01,314730000.0,0.00125,5558.683555555555,0.14132
2013-06-01,314910000.0,0.00125,5566.517,0.14132
2013-07-01,315090000.0,0.00125,5590.018888888889,0.42219999999999996
2013-08-01,315270000.0,0.00125,5613.520777777777,0.42219999999999996
2013-09-01,315450000.0,0.00125,5637.022666666667,0.42219999999999996
2013-10-01,315630000.0,0.00125,5661.694444444444,0.43767333333333336
2013-11-01,315810000.0,0.00125,5686.366222222223,0.43767333333333336
2013-12-01,315990000.0,0.00125,5711.0380000000005,0.43767333333333336
2014-01-01,316182500.0,0.0006666666666666666,5712.278777777778,0.02172666666666667
2014-02-01,316375000.0,0.0006666666666666666,5713.519555555556,0.02172666666666667
2014-03-01,316567500.0,0.0006666666666666666,5714.760333333333,0.02172666666666667
2014-04-01,316760000.0,0.0006666666666666666,5750.140555555555,0.6191033333333333
2014-05-01,316952500.0,0.0006666666666666666,5785.520777777779,0.6191033333333333
2014-06-01,317145000.0,0.0006666666666666666,5820.901000000001,0.6191033333333333
2014-07-01,317337500.0,0.0006666666666666666,5852.070333333333,0.5354733333333334
2014-08-01,317530000.0,0.0006666666666666666,5883.239666666667,0.5354733333333334
2014-09-01,317722500.0,0.0006666666666666666,5914.409,0.5354733333333334
2014-10-01,317915000.0,0.0006666666666666666,5926.554888888889,0.20536
2014-11-01,318107500.0,0.0006666666666666666,5938.700777777777,0.20536
2014-12-01,318300000.0,0.0006666666666666666,5950.846666666667,0.20536
2015-01-01,318495000.0,0.0005833333333333334,5966.2697777777785,0.25917666666666667
2015-02-01,318690000.0,0.0005833333333333334,5981.69288888889,0.25917666666666667
2015-03-01,318885000.0,0.0005833333333333334,5997.116000000001,0.25917666666666667
2015-04-01,319080000.0,0.0005833333333333334,6019.600333333333,0.37492
2015-05-01,319275000.0,0.0005833333333333334,6042.084666666667,0.37492
2015-06-01,319470000.0,0.0005833333333333334,6064.5689999999995,0.37492
2015-07-01,319665000.0,0.0005833333333333334,6077.152666666666,0.20749333333333334
2015-08-01,319860000.0,0.0005833333333333334,6089.736333333333,0.20749333333333334
2015-09-01,320055000.0,0.0005833333333333334,6102.32,0.20749333333333334
2015-10-01,320250000.0,0.0005833333333333334,6105.111,0.04573666666666667
2015-11-01,320445000.0,0.0005833333333333334,6107.902000000001,0.04573666666666667
2015-12-01,320640000.0,0.0005833333333333334,6110.693,0.04573666666666667
2016-01-01,320831666.6666667,0.00175,6121.051555555557,0.16951666666666665
2016-02-01,321023333.3333333,0.00175,6131.410111111111,0.16951666666666665
2016-03-01,321215000.0,0.00175,6141.768666666667,0.16951666666666665
2016-04-01,321406666.6666667,0.00175,6162.469888888889,0.3370566666666666
2016-05-01,321598333.3333333,0.00175,6183.171111111111,0.3370566666666666
2016-06-01,321790000.0,0.00175,6203.872333333333,0.3370566666666666
2016-07-01,321981666.6666667,0.00175,6222.077,0.29344
2016-08-01,322173333.3333333,0.00175,6240.281666666666,0.29344
2016-09-01,322365000.0,0.00175,6258.486333333333,0.29344
2016-10-01,322556666.6666667,0.00175,6279.8843333333325,0.3419033333333333
2016-11-01,322748333.3333333,0.00175,6301.282333333334,0.3419033333333333
2016-12-01,322940000.0,0.00175,6322.680333333334,0.3419033333333333
2017-01-01,323110833.3333333,0.00175,6343.332666666666,0.32664
2017-02-01,323281666.6666667,0.00175,6363.985000000001,0.32664
2017-03-01,323452500.0,0.00175,6384.637333333333,0.32664
2017-04-01,323623333.3333333,0.00175,6403.416,0.29412333333333335
2017-05-01,323794166.6666667,0.00175,6422.194666666666,0.29412333333333335
2017-06-01,323965000.0,0.00175,6440.973333333332,0.29412333333333335
2017-07-01,324135833.3333333,0.00175,6467.170333333333,0.4067233333333333
2017-08-01,324306666.6666667,0.00175,6493.367333333333,0.4067233333333333
2017-09-01,324477500.0,0.00175,6519.564333333333,0.4067233333333333
2017-10-01,324648333.3333333,0.00175,6555.594555555555,0.5526466666666666
2017-11-01,324819166.6666667,0.00175,6591.624777777778,0.5526466666666666
2017-12-01,324990000.0,0.00175,6627.655,0.5526466666666666
2018-01-01,325131666.6666667,0.0015833333333333333,6656.627333333334,0.4371433333333334
2018-02-01,325273333.3333333,0.0015833333333333333,6685.599666666666,0.4371433333333334
2018-03-01,325415000.0,0.0015833333333333333,6714.572,0.4371433333333334
2018-04-01,325556666.6666667,0.0015833333333333333,6753.324888888888,0.5771466666666667
2018-05-01,325698333.3333333,0.0015833333333333333,6792.077777777778,0.5771466666666667
2018-06-01,325840000.0,0.0015833333333333333,6830.830666666666,0.5771466666666667
2018-07-01,325981666.6666667,0.0015833333333333333,6849.342888888888,0.27101000000000003
2018-08-01,326123333.3333333,0.0015833333333333333,6867.855111111111,0.27101000000000003
2018-09-01,326265000.0,0.0015833333333333333,6886.367333333333,0.27101000000000003
2018-10-01,326406666.6666667,0.0015833333333333333,6903.503222222222,0.24883666666666668
2018-11-01,326548333.3333333,0.0015833333333333333,6920.639111111112,0.24883666666666668
2018-12-01,326690000.0,0.0015833333333333333,6937.775000000001,0.24883666666666668
2019-01-01,326819166.6666667,0.0019166666666666666,6958.693444444445,0.30151666666666666
2019-02-01,326948333.3333333,0.0019166666666666666,6979.611888888889,0.30151666666666666
2019-03-01,327077500.0,0.0019166666666666666,7000.530333333333,0.30151666666666666
2019-04-01,327206666.6666667,0.0019166666666666666,7032.4944444444445,0.4565966666666667
2019-05-01,327335833.3333333,0.0019166666666666666,7064.458555555556,0.4565966666666667
2019-06-01,327465000.0,0.0019166666666666666,7096.422666666666,0.4565966666666667
2019-07-01,327594166.6666667,0.0019166666666666666,7120.394222222222,0.3377966666666667
2019-08-01,327723333.3333333,0.0019166666666666666,7144.365777777777,0.3377966666666667
2019-09-01,327852500.0,0.0019166666666666666,7168.337333333333,0.3377966666666667
2019-10-01,327981666.6666667,0.0019166666666666666,7189.386888888889,0.29364666666666667
2019-11-01,328110833.3333333,0.0019166666666666666,7210.436444444444,0.29364666666666667
2019-12-01,328240000.0,0.0019166666666666666,7231.486,0.29364666666666667
2020-01-01,328376666.6666667,0.001,7207.809222222222,-0.32741333333333333
2020-02-01,328513333.3333333,0.001,7184.1324444444435,-0.32741333333333333
2020-03-01,328650000.0,0.001,7160.455666666666,-0.32741333333333333
2020-04-01,328786666.6666667,0.001,6937.797555555556,-3.109553333333333
2020-05-01,328923333.3333333,0.001,6715.139444444444,-3.109553333333333
2020-06-01,329060000.0,0.001,6492.481333333333,-3.109553333333333
2020-07-01,329196666.6666667,0.001,6677.051333333333,2.842826666666667
2020-08-01,329333333.3333333,0.001,6861.6213333333335,2.842826666666667
2020-09-01,329470000.0,0.001,7046.191333333333,2.842826666666667
2020-10-01,329606666.6666667,0.001,7083.860555555556,0.5346033333333333
2020-11-01,329743333.3333333,0.001,7121.529777777778,0.5346033333333333
2020-12-01,329880000.0,0.001,7159.1990000000005,0.5346033333333333
